field_id,category,area_hectares,area_acres
2020_1,completely_burnt,0.2519,0.6224
2020_2,completely_burnt,0.2878,0.7112
2020_3,completely_burnt,0.1194,0.2951
2020_4,completely_burnt,0.0895,0.221
2020_5,completely_burnt,0.1966,0.4857
2020_6,completely_burnt,0.1767,0.4367
2020_7,completely_burnt,0.2754,0.6806
2020_8,completely_burnt,0.2162,0.5342
2020_9,completely_burnt,0.1019,0.2518
2020_10,completely_burnt,0.1427,0.3525
2020_11,completely_burnt,0.1062,0.2625
2020_12,completely_burnt,0.0946,0.2337
2020_13,completely_burnt,0.6328,1.5636
2020_14,completely_burnt,0.3091,0.7638
2020_15,completely_burnt,0.2112,0.5219
2020_16,completely_burnt,0.322,0.7957
2020_17,completely_burnt,0.1551,0.3833
2020_18,completely_burnt,0.1639,0.405
2020_19,partially_burnt,0.0944,0.2332
2020_20,partially_burnt,0.1256,0.3103
2020_21,partially_burnt,0.3502,0.8653
2020_22,partially_burnt,0.0884,0.2185
2020_23,partially_burnt,0.1679,0.4148
2020_24,partially_burnt,0.0902,0.223
2020_25,partially_burnt,0.0433,0.107
2020_26,partially_burnt,0.0468,0.1156
2020_27,partially_burnt,0.277,0.6846
2020_28,partially_burnt,0.4192,1.0358
2020_29,partially_burnt,0.1142,0.2822
2020_30,partially_burnt,0.1907,0.4712
2020_31,partially_burnt,0.0379,0.0938
2020_32,partially_burnt,0.2853,0.7049
2020_33,partially_burnt,0.2546,0.6291
2020_34,partially_burnt,0.1718,0.4245
2020_35,partially_burnt,0.0666,0.1645
2020_36,partially_burnt,0.0222,0.0548
2020_37,partially_burnt,0.0771,0.1906
2020_38,partially_burnt,0.0659,0.1628
2020_39,partially_burnt,0.063,0.1556
2020_40,partially_burnt,0.0282,0.0696
2020_41,partially_burnt,0.0301,0.0745
2020_42,partially_burnt,0.0441,0.1089
2020_43,partially_burnt,0.0267,0.0659
2020_44,partially_burnt,0.0724,0.1788
2020_45,partially_burnt,0.0365,0.0902
2020_46,partially_burnt,0.0226,0.0558
2020_47,partially_burnt,0.0126,0.0312
2020_48,partially_burnt,0.0219,0.054
2020_49,partially_burnt,0.0607,0.15
2020_50,partially_burnt,0.0135,0.0335
2020_51,partially_burnt,0.0821,0.2029
2020_52,partially_burnt,0.0217,0.0536
2020_53,partially_burnt,0.0083,0.0204
2020_54,partially_burnt,0.0368,0.0909
2020_55,partially_burnt,0.302,0.7463
2020_56,partially_burnt,0.1687,0.4169
2020_57,golden_yellow_unburnt,0.8306,2.0525
2020_58,golden_yellow_unburnt,0.2058,0.5086
2020_59,golden_yellow_unburnt,1.2083,2.9857
2020_60,golden_yellow_unburnt,0.3334,0.8238
2020_61,golden_yellow_unburnt,0.8795,2.1733
2020_62,golden_yellow_unburnt,0.2326,0.5748
2020_63,golden_yellow_unburnt,0.3551,0.8774
2020_64,golden_yellow_unburnt,0.1954,0.483
2020_65,golden_yellow_unburnt,0.125,0.3089
2020_66,golden_yellow_unburnt,0.8771,2.1673
2020_67,golden_yellow_unburnt,0.3222,0.7961
2020_68,golden_yellow_unburnt,0.1111,0.2745
2020_69,golden_yellow_unburnt,0.101,0.2495
2020_70,green_unburnt,0.6164,1.5232
2020_71,green_unburnt,0.504,1.2453
2020_72,green_unburnt,0.4605,1.1379
2020_73,green_unburnt,0.4656,1.1505
2020_74,green_unburnt,0.0497,0.1228
2020_75,green_unburnt,0.6597,1.6301
2020_76,green_unburnt,0.7621,1.8831
2020_77,green_unburnt,0.2518,0.6223
2020_78,green_unburnt,0.1779,0.4397
2020_79,green_unburnt,0.8859,2.1891
2020_80,green_unburnt,0.7353,1.8169
2020_81,green_unburnt,0.0287,0.0708
2021_1,completely_burnt,0.3831,0.9465
2021_2,completely_burnt,0.5823,1.439
2021_3,completely_burnt,0.3596,0.8886
2021_4,completely_burnt,0.4238,1.0472
2021_5,completely_burnt,0.4955,1.2244
2021_6,completely_burnt,0.4552,1.1249
2021_7,completely_burnt,0.4278,1.0571
2021_8,completely_burnt,0.5936,1.4668
2021_9,completely_burnt,0.3107,0.7679
2021_10,completely_burnt,0.3985,0.9847
2021_11,completely_burnt,0.3808,0.941
2021_12,completely_burnt,0.3368,0.8323
2021_13,completely_burnt,0.5449,1.3466
2021_14,completely_burnt,0.3271,0.8084
2021_15,completely_burnt,0.4234,1.0461
2021_16,completely_burnt,0.2366,0.5848
2021_17,completely_burnt,0.401,0.9908
2021_18,completely_burnt,0.747,1.8458
2021_19,completely_burnt,0.4567,1.1286
2021_20,completely_burnt,0.2105,0.5201
2021_21,completely_burnt,1.0422,2.5752
2021_22,completely_burnt,0.216,0.5337
2021_23,completely_burnt,0.298,0.7363
2021_24,completely_burnt,0.4334,1.071
2021_25,completely_burnt,0.5206,1.2865
2021_26,completely_burnt,1.1747,2.9027
2021_27,completely_burnt,0.3818,0.9434
2021_28,completely_burnt,0.6338,1.5661
2021_29,completely_burnt,0.2706,0.6687
2021_30,completely_burnt,0.1696,0.4192
2021_31,completely_burnt,0.5263,1.3006
2021_32,completely_burnt,0.2895,0.7154
2021_33,completely_burnt,0.2624,0.6483
2021_34,completely_burnt,0.181,0.4472
2021_35,completely_burnt,1.0875,2.6874
2021_36,completely_burnt,0.88,2.1746
2021_37,completely_burnt,0.2846,0.7033
2021_38,completely_burnt,0.3867,0.9556
2021_39,completely_burnt,0.1116,0.2758
2021_40,completely_burnt,0.498,1.2306
2021_41,completely_burnt,1.2235,3.0234
2021_42,completely_burnt,0.2407,0.5948
2021_43,completely_burnt,1.257,3.1062
2021_44,completely_burnt,0.3862,0.9543
2021_45,completely_burnt,0.43,1.0627
2021_46,completely_burnt,0.3864,0.9548
2021_47,completely_burnt,0.4763,1.177
2021_48,completely_burnt,0.5322,1.3152
2021_49,completely_burnt,0.4259,1.0525
2021_50,completely_burnt,0.094,0.2323
2021_51,completely_burnt,0.3892,0.9616
2021_52,completely_burnt,0.609,1.5048
2021_53,completely_burnt,0.804,1.9868
2021_54,completely_burnt,0.0927,0.2291
2021_55,completely_burnt,0.3281,0.8108
2021_56,completely_burnt,0.5593,1.382
2021_57,completely_burnt,0.2738,0.6767
2021_58,completely_burnt,0.2489,0.6151
2021_59,completely_burnt,0.404,0.9984
2021_60,completely_burnt,0.2234,0.5521
2021_61,completely_burnt,0.3043,0.752
2021_62,completely_burnt,0.3658,0.9039
2021_63,completely_burnt,0.2929,0.7239
2021_64,completely_burnt,0.1488,0.3677
2021_65,completely_burnt,0.9043,2.2346
2021_66,completely_burnt,0.3656,0.9035
2021_67,completely_burnt,0.3888,0.9606
2021_68,completely_burnt,0.4409,1.0896
2021_69,completely_burnt,0.4431,1.0949
2021_70,completely_burnt,0.2136,0.5279
2021_71,completely_burnt,0.5749,1.4205
2021_72,completely_burnt,0.2286,0.5649
2021_73,partially_burnt,0.1657,0.4093
2021_74,partially_burnt,0.7382,1.824
2021_75,partially_burnt,0.7568,1.87
2021_76,partially_burnt,0.1992,0.4922
2021_77,partially_burnt,0.9285,2.2943
2021_78,partially_burnt,0.3761,0.9294
2021_79,partially_burnt,0.1676,0.4143
2021_80,partially_burnt,0.2195,0.5424
2021_81,partially_burnt,0.442,1.0921
2021_82,partially_burnt,1.3388,3.3083
2021_83,partially_burnt,0.5045,1.2466
2021_84,partially_burnt,0.4168,1.03
2021_85,partially_burnt,0.3555,0.8784
2021_86,partially_burnt,0.3147,0.7777
2021_87,partially_burnt,0.5389,1.3316
2021_88,partially_burnt,0.7897,1.9514
2021_89,partially_burnt,0.8694,2.1483
2021_90,partially_burnt,0.7266,1.7956
2021_91,partially_burnt,0.6363,1.5723
2021_92,partially_burnt,0.1681,0.4153
2021_93,partially_burnt,0.2978,0.7359
2021_94,partially_burnt,0.1884,0.4655
2021_95,partially_burnt,0.4129,1.0204
2021_96,partially_burnt,1.1345,2.8034
2021_97,partially_burnt,0.3819,0.9437
2021_98,partially_burnt,0.2402,0.5935
2021_99,partially_burnt,0.282,0.6967
2021_100,partially_burnt,0.2079,0.5138
2021_101,partially_burnt,0.6824,1.6863
2021_102,partially_burnt,0.6286,1.5534
2021_103,partially_burnt,0.1927,0.4762
2021_104,partially_burnt,0.088,0.2173
2021_105,partially_burnt,0.1927,0.4761
2021_106,partially_burnt,0.2243,0.5542
2021_107,partially_burnt,0.9219,2.2781
2021_108,partially_burnt,0.3378,0.8348
2021_109,partially_burnt,0.3045,0.7523
2021_110,partially_burnt,0.137,0.3385
2021_111,partially_burnt,0.8648,2.1371
2021_112,partially_burnt,0.3492,0.8628
2021_113,partially_burnt,0.2777,0.6862
2021_114,partially_burnt,0.2136,0.5278
2021_115,partially_burnt,0.5908,1.4599
2021_116,partially_burnt,0.3872,0.9567
2021_117,partially_burnt,0.3762,0.9297
2021_118,partially_burnt,0.227,0.561
2021_119,partially_burnt,0.1592,0.3934
2021_120,partially_burnt,0.7078,1.749
2021_121,partially_burnt,0.3461,0.8552
2021_122,partially_burnt,0.4746,1.1728
2021_123,partially_burnt,0.3963,0.9792
2021_124,partially_burnt,0.3661,0.9047
2021_125,partially_burnt,1.1445,2.8281
2021_126,partially_burnt,0.3687,0.9111
2021_127,partially_burnt,0.3526,0.8714
2021_128,partially_burnt,0.3605,0.8908
2021_129,partially_burnt,0.4671,1.1542
2021_130,partially_burnt,0.2214,0.547
2021_131,partially_burnt,0.2073,0.5123
2021_132,partially_burnt,0.5698,1.4079
2021_133,partially_burnt,0.4632,1.1446
2021_134,partially_burnt,0.6737,1.6649
2021_135,partially_burnt,0.1288,0.3182
2021_136,partially_burnt,1.3531,3.3436
2021_137,partially_burnt,1.2755,3.1517
2021_138,partially_burnt,0.7249,1.7913
2021_139,partially_burnt,0.3967,0.9803
2021_140,partially_burnt,0.6247,1.5437
2021_141,partially_burnt,0.4725,1.1676
2021_142,partially_burnt,0.5569,1.3761
2021_143,partially_burnt,1.184,2.9258
2021_144,partially_burnt,0.4142,1.0236
2021_145,partially_burnt,0.0871,0.2152
2021_146,partially_burnt,0.1292,0.3192
2021_147,partially_burnt,0.3496,0.8638
2021_148,partially_burnt,0.382,0.9439
2021_149,partially_burnt,0.2181,0.539
2021_150,partially_burnt,0.4091,1.011
2021_151,partially_burnt,0.6825,1.6865
2021_152,partially_burnt,0.6909,1.7072
2021_153,partially_burnt,0.3585,0.8858
2021_154,partially_burnt,0.8633,2.1333
2021_155,partially_burnt,0.7593,1.8763
2021_156,partially_burnt,0.5108,1.2622
2021_157,partially_burnt,0.1847,0.4563
2021_158,partially_burnt,0.1692,0.4181
2021_159,partially_burnt,0.5583,1.3797
2021_160,partially_burnt,0.4782,1.1817
2021_161,partially_burnt,0.296,0.7315
2021_162,partially_burnt,0.5559,1.3736
2021_163,partially_burnt,0.384,0.9488
2021_164,partially_burnt,0.2118,0.5234
2021_165,partially_burnt,0.0831,0.2055
2021_166,partially_burnt,1.6539,4.0869
2021_167,partially_burnt,0.2502,0.6182
2021_168,partially_burnt,0.2574,0.636
2021_169,partially_burnt,0.153,0.378
2021_170,partially_burnt,0.2732,0.6752
2021_171,partially_burnt,0.429,1.0601
2021_172,partially_burnt,0.4088,1.0102
2021_173,partially_burnt,0.3861,0.954
2021_174,partially_burnt,0.4369,1.0796
2021_175,partially_burnt,0.0898,0.2219
2021_176,partially_burnt,0.3345,0.8266
2021_177,partially_burnt,0.3966,0.9799
2021_178,partially_burnt,0.7655,1.8915
2021_179,partially_burnt,0.5007,1.2372
2021_180,partially_burnt,0.4231,1.0455
2021_181,partially_burnt,0.3018,0.7457
2021_182,partially_burnt,0.3865,0.9551
2021_183,partially_burnt,0.3576,0.8836
2021_184,partially_burnt,0.2976,0.7353
2021_185,partially_burnt,0.5261,1.3
2021_186,partially_burnt,0.7506,1.8547
2021_187,partially_burnt,0.4326,1.069
2021_188,partially_burnt,0.4775,1.18
2021_189,partially_burnt,0.2672,0.6602
2021_190,partially_burnt,0.8655,2.1387
2021_191,partially_burnt,0.3748,0.9262
2021_192,partially_burnt,0.429,1.0601
2021_193,partially_burnt,0.7771,1.9204
2021_194,partially_burnt,0.82,2.0263
2021_195,partially_burnt,0.3429,0.8474
2021_196,partially_burnt,0.418,1.033
2021_197,partially_burnt,0.5859,1.4478
2021_198,partially_burnt,0.4275,1.0565
2021_199,partially_burnt,0.2458,0.6073
2021_200,partially_burnt,0.7353,1.8169
2021_201,partially_burnt,0.2341,0.5785
2021_202,partially_burnt,0.4029,0.9957
2021_203,partially_burnt,0.6863,1.6959
2021_204,partially_burnt,0.8163,2.017
2021_205,partially_burnt,0.405,1.0007
2021_206,partially_burnt,0.4288,1.0596
2021_207,partially_burnt,0.2673,0.6605
2021_208,partially_burnt,0.413,1.0205
2021_209,partially_burnt,0.3407,0.8419
2021_210,partially_burnt,0.3072,0.7591
2021_211,partially_burnt,0.7233,1.7873
2021_212,partially_burnt,0.4524,1.1178
2021_213,partially_burnt,0.4444,1.098
2021_214,partially_burnt,0.8275,2.0447
2021_215,partially_burnt,0.3802,0.9394
2021_216,partially_burnt,0.3254,0.804
2021_217,partially_burnt,0.4484,1.1079
2021_218,partially_burnt,0.5134,1.2687
2021_219,partially_burnt,0.4031,0.996
2021_220,partially_burnt,0.2569,0.6349
2021_221,partially_burnt,0.211,0.5214
2021_222,partially_burnt,0.6377,1.5757
2021_223,partially_burnt,0.5518,1.3636
2021_224,partially_burnt,0.4035,0.997
2021_225,partially_burnt,0.5325,1.3158
2021_226,partially_burnt,0.2691,0.6649
2021_227,partially_burnt,0.3446,0.8515
2021_228,partially_burnt,0.3526,0.8713
2021_229,partially_burnt,0.3933,0.9718
2021_230,partially_burnt,0.2795,0.6907
2021_231,partially_burnt,0.0886,0.2188
2021_232,partially_burnt,0.7125,1.7606
2021_233,partially_burnt,0.4681,1.1568
2021_234,partially_burnt,0.3479,0.8596
2021_235,partially_burnt,0.3445,0.8514
2021_236,partially_burnt,0.7136,1.7632
2021_237,partially_burnt,0.1662,0.4107
2021_238,partially_burnt,0.3966,0.9801
2021_239,partially_burnt,0.4295,1.0614
2021_240,partially_burnt,0.3741,0.9244
2021_241,partially_burnt,0.3845,0.9501
2021_242,partially_burnt,0.4355,1.0762
2021_243,partially_burnt,0.5609,1.3859
2021_244,partially_burnt,0.5071,1.2532
2021_245,partially_burnt,0.4249,1.0499
2021_246,partially_burnt,0.2035,0.5029
2021_247,partially_burnt,0.2968,0.7333
2021_248,partially_burnt,1.3133,3.2451
2021_249,partially_burnt,0.4375,1.0811
2021_250,partially_burnt,0.0687,0.1697
2021_251,partially_burnt,0.2367,0.5849
2021_252,partially_burnt,0.1675,0.4138
2021_253,partially_burnt,0.1126,0.2783
2021_254,partially_burnt,0.3562,0.8802
2021_255,partially_burnt,0.6706,1.6572
2021_256,partially_burnt,0.3194,0.7892
2021_257,partially_burnt,0.4162,1.0284
2021_258,partially_burnt,0.2858,0.7061
2021_259,partially_burnt,0.309,0.7636
2021_260,partially_burnt,0.5265,1.3009
2021_261,partially_burnt,0.241,0.5956
2021_262,partially_burnt,0.29,0.7165
2021_263,unburnt,1.0686,2.6406
2021_264,unburnt,1.8654,4.6095
2021_265,unburnt,3.02,7.4625
2021_266,unburnt,0.6725,1.6618
2021_267,unburnt,1.6043,3.9643
2021_268,unburnt,0.605,1.4949
2021_269,unburnt,1.3643,3.3712
2021_270,unburnt,0.3866,0.9552
2021_271,unburnt,0.188,0.4645
2021_272,unburnt,0.2145,0.53
2021_273,unburnt,0.3547,0.8765
2021_274,unburnt,2.7105,6.6977
2021_275,unburnt,0.8958,2.2136
2021_276,unburnt,0.3974,0.9819
2021_277,unburnt,1.3414,3.3146
2021_278,unburnt,0.2486,0.6143
2021_279,unburnt,0.8071,1.9943
2021_280,unburnt,0.2464,0.6089
2021_281,unburnt,0.4275,1.0563
2021_282,unburnt,0.6891,1.7027
2021_283,unburnt,0.0903,0.2232
2021_284,unburnt,0.5689,1.4059
2021_285,unburnt,0.1217,0.3007
2021_286,unburnt,0.5758,1.4229
2021_287,unburnt,0.1745,0.4312
2021_288,unburnt,1.2987,3.2091
2021_289,unburnt,0.3034,0.7497
2021_290,unburnt,1.3622,3.3662
2021_291,unburnt,0.4669,1.1538
2021_292,unburnt,1.1758,2.9055
2021_293,unburnt,1.1877,2.9348
2021_294,unburnt,0.5969,1.475
2021_295,unburnt,1.6409,4.0547
2021_296,unburnt,0.7286,1.8004
2021_297,unburnt,4.6663,11.5306
2021_298,unburnt,0.627,1.5494
2021_299,unburnt,1.8477,4.5657
2021_300,unburnt,0.4809,1.1883
2021_301,unburnt,1.0848,2.6806
2021_302,unburnt,0.4934,1.2192
2021_303,unburnt,0.7789,1.9246
2021_304,unburnt,1.4165,3.5002
2021_305,unburnt,1.1669,2.8834
2021_306,unburnt,1.0244,2.5312
2021_307,unburnt,0.3849,0.9511
2021_308,unburnt,0.4087,1.01
2021_309,unburnt,0.5682,1.404
2021_310,unburnt,0.7557,1.8673
2021_311,unburnt,1.0121,2.5009
2021_312,unburnt,1.7278,4.2695
2021_313,unburnt,1.8936,4.6791
2021_314,unburnt,1.5294,3.7792
2021_315,unburnt,2.2727,5.6158
2021_316,unburnt,0.8258,2.0405
2021_317,unburnt,1.6179,3.998
2021_318,unburnt,0.8947,2.2108
2021_319,unburnt,1.3762,3.4007
2021_320,unburnt,0.5252,1.2978
2021_321,unburnt,1.0615,2.6231
2021_322,unburnt,0.7987,1.9737
2021_323,unburnt,0.3755,0.9278
2021_324,unburnt,0.2306,0.5698
2021_325,unburnt,1.011,2.4982
2021_326,unburnt,0.397,0.9811
2021_327,unburnt,1.122,2.7725
2021_328,unburnt,1.5114,3.7348
2021_329,unburnt,0.7524,1.8591
2021_330,unburnt,0.3856,0.9528
2021_331,unburnt,1.0148,2.5075
2021_332,unburnt,0.3461,0.8551
2021_333,unburnt,0.632,1.5617
2021_334,unburnt,1.3359,3.3012
2021_335,unburnt,1.5914,3.9324
2021_336,unburnt,1.5836,3.913
2021_337,unburnt,0.5435,1.3431
2021_338,unburnt,0.2699,0.667
2021_339,unburnt,0.7807,1.9292
2021_340,unburnt,0.6101,1.5075
2021_341,unburnt,0.8059,1.9913
2021_342,unburnt,0.1422,0.3513
2021_343,unburnt,0.1986,0.4907
2021_344,unburnt,0.3081,0.7613
2021_345,unburnt,0.4715,1.1651
2021_346,unburnt,1.7319,4.2796
2021_347,unburnt,0.2204,0.5445
2021_348,unburnt,0.6959,1.7197
2021_349,unburnt,0.7299,1.8037
2021_350,unburnt,0.5494,1.3576
2021_351,unburnt,0.2911,0.7192
2021_352,unburnt,0.8508,2.1023
2021_353,unburnt,0.3789,0.9364
2021_354,unburnt,0.4066,1.0049
2021_355,unburnt,0.3507,0.8666
2021_356,unburnt,0.3533,0.873
2021_357,unburnt,0.3431,0.8479
