field_id,category,area_hectares,area_acres,latest_ndvi,latest_nbr,ndvi_trend,nbr_trend,candidate_date,candidate_ndvi,decline,status,field_status
2020_1,completely_burnt,0.2519,0.6224,0.6455,0.4919,decreasing,decreasing,2020-10-24,0.5719,0.3156,Candidate crop-transition detected,crop_transition_candidate
2020_10,completely_burnt,0.1427,0.3525,0.6757,0.4723,decreasing,decreasing,2020-10-26,0.5955,0.3084,Candidate crop-transition detected,crop_transition_candidate
2020_11,completely_burnt,0.1062,0.2625,0.6499,0.5015,decreasing,decreasing,2020-10-24,0.5639,0.3178,Candidate crop-transition detected,crop_transition_candidate
2020_12,completely_burnt,0.0946,0.2337,0.6319,0.5215,decreasing,decreasing,2020-10-21,0.5924,0.2686,Candidate crop-transition detected,crop_transition_candidate
2020_13,completely_burnt,0.6328,1.5636,0.5233,0.4243,decreasing,decreasing,2020-09-29,0.5754,0.2692,Candidate crop-transition detected,crop_transition_candidate
2020_14,completely_burnt,0.3091,0.7638,0.3513,0.2398,decreasing,decreasing,2020-10-24,0.6182,0.2999,Candidate crop-transition detected,crop_transition_candidate
2020_15,completely_burnt,0.2112,0.5219,0.5825,0.4277,decreasing,decreasing,2020-10-21,0.5993,0.3099,Candidate crop-transition detected,crop_transition_candidate
2020_16,completely_burnt,0.322,0.7957,0.5831,0.4214,decreasing,decreasing,2020-10-26,0.6922,0.2304,Candidate crop-transition detected,crop_transition_candidate
2020_17,completely_burnt,0.1551,0.3833,0.5412,0.4201,decreasing,decreasing,2020-10-24,0.6223,0.2812,Candidate crop-transition detected,crop_transition_candidate
2020_18,completely_burnt,0.1639,0.405,0.6233,0.5661,decreasing,decreasing,2020-10-24,0.5193,0.3459,Candidate crop-transition detected,crop_transition_candidate
2020_19,partially_burnt,0.0944,0.2332,0.5176,0.4066,decreasing,decreasing,2020-10-31,0.6717,0.2443,Candidate crop-transition detected,crop_transition_candidate
2020_2,completely_burnt,0.2878,0.7112,0.6176,0.4919,decreasing,decreasing,2020-10-26,0.7017,0.2025,Candidate crop-transition detected,crop_transition_candidate
2020_20,partially_burnt,0.1256,0.3103,0.4979,0.3921,decreasing,decreasing,2020-10-24,0.6328,0.2846,Candidate crop-transition detected,crop_transition_candidate
2020_21,partially_burnt,0.3502,0.8653,0.6223,0.4953,decreasing,decreasing,2020-10-24,0.5611,0.2879,Candidate crop-transition detected,crop_transition_candidate
2020_22,partially_burnt,0.0884,0.2185,0.4252,0.429,decreasing,decreasing,2020-10-24,0.6132,0.2735,Candidate crop-transition detected,crop_transition_candidate
2020_23,partially_burnt,0.1679,0.4148,0.5275,0.4265,decreasing,decreasing,2020-10-24,0.5773,0.3281,Candidate crop-transition detected,crop_transition_candidate
2020_24,partially_burnt,0.0902,0.223,0.6448,0.5706,decreasing,decreasing,2020-10-26,0.5903,0.2816,Candidate crop-transition detected,crop_transition_candidate
2020_25,partially_burnt,0.0433,0.107,0.589,0.43,decreasing,decreasing,2020-10-26,0.6294,0.2527,Candidate crop-transition detected,crop_transition_candidate
2020_26,partially_burnt,0.0468,0.1156,0.554,0.4287,decreasing,decreasing,2020-10-24,0.5562,0.2999,Candidate crop-transition detected,crop_transition_candidate
2020_27,partially_burnt,0.277,0.6846,0.522,0.4145,decreasing,decreasing,2020-10-26,0.6131,0.2718,Candidate crop-transition detected,crop_transition_candidate
2020_28,partially_burnt,0.4192,1.0358,0.6758,0.5404,decreasing,decreasing,2020-10-26,0.5974,0.2855,Candidate crop-transition detected,crop_transition_candidate
2020_29,partially_burnt,0.1142,0.2822,0.596,0.5449,decreasing,decreasing,2020-11-03,0.4571,0.4441,Candidate crop-transition detected,crop_transition_candidate
2020_3,completely_burnt,0.1194,0.2951,0.698,0.4738,decreasing,decreasing,2020-10-19,0.6264,0.2703,Candidate crop-transition detected,crop_transition_candidate
2020_30,partially_burnt,0.1907,0.4712,0.5604,0.3954,decreasing,decreasing,2020-11-03,0.3598,0.4325,Candidate crop-transition detected,crop_transition_candidate
2020_31,partially_burnt,0.0379,0.0938,0.5615,0.3293,decreasing,decreasing,2020-09-29,0.7196,0.2213,Candidate crop-transition detected,crop_transition_candidate
2020_32,partially_burnt,0.2853,0.7049,0.5631,0.4484,decreasing,decreasing,2020-10-19,0.5629,0.2491,Candidate crop-transition detected,crop_transition_candidate
2020_33,partially_burnt,0.2546,0.6291,0.6055,0.4773,decreasing,decreasing,2020-10-26,0.6468,0.2454,Candidate crop-transition detected,crop_transition_candidate
2020_34,partially_burnt,0.1718,0.4245,0.5665,0.4273,decreasing,decreasing,2020-10-24,0.5461,0.2929,Candidate crop-transition detected,crop_transition_candidate
2020_35,partially_burnt,0.0666,0.1645,0.5829,0.442,decreasing,decreasing,2020-10-26,0.6802,0.206,Candidate crop-transition detected,crop_transition_candidate
2020_36,partially_burnt,0.0222,0.0548,0.6827,0.5621,decreasing,decreasing,2020-10-19,0.566,0.2844,Candidate crop-transition detected,crop_transition_candidate
2020_37,partially_burnt,0.0771,0.1906,0.5707,0.4188,decreasing,decreasing,2020-10-26,0.7314,0.2067,Candidate crop-transition detected,crop_transition_candidate
2020_38,partially_burnt,0.0659,0.1628,0.4864,0.4712,decreasing,decreasing,2020-10-24,0.5696,0.293,Candidate crop-transition detected,crop_transition_candidate
2020_39,partially_burnt,0.063,0.1556,0.5488,0.463,decreasing,decreasing,2020-11-03,0.4118,0.4428,Candidate crop-transition detected,crop_transition_candidate
2020_4,completely_burnt,0.0895,0.221,0.5339,0.3582,decreasing,decreasing,2020-10-26,0.6272,0.2794,Candidate crop-transition detected,crop_transition_candidate
2020_40,partially_burnt,0.0282,0.0696,0.5317,0.5152,decreasing,decreasing,2020-11-08,0.2892,0.5909,Candidate crop-transition detected,crop_transition_candidate
2020_41,partially_burnt,0.0301,0.0745,0.6432,0.4779,decreasing,decreasing,2020-10-26,0.6241,0.2851,Candidate crop-transition detected,crop_transition_candidate
2020_42,partially_burnt,0.0441,0.1089,0.6961,0.5292,decreasing,decreasing,2020-10-26,0.5869,0.3089,Candidate crop-transition detected,crop_transition_candidate
2020_43,partially_burnt,0.0267,0.0659,0.58,0.412,decreasing,decreasing,2020-10-24,0.5813,0.3036,Candidate crop-transition detected,crop_transition_candidate
2020_44,partially_burnt,0.0724,0.1788,0.5005,0.3783,decreasing,decreasing,2020-10-26,0.6622,0.2148,Candidate crop-transition detected,crop_transition_candidate
2020_45,partially_burnt,0.0365,0.0902,0.6446,0.4194,decreasing,decreasing,2020-11-03,0.5013,0.372,Candidate crop-transition detected,crop_transition_candidate
2020_46,partially_burnt,0.0226,0.0558,0.5435,0.376,decreasing,decreasing,2020-11-03,0.5531,0.3947,Candidate crop-transition detected,crop_transition_candidate
2020_47,partially_burnt,0.0126,0.0312,0.5745,0.5062,decreasing,decreasing,2020-10-26,0.573,0.3082,Candidate crop-transition detected,crop_transition_candidate
2020_48,partially_burnt,0.0219,0.054,0.5895,0.4257,decreasing,decreasing,2020-10-26,0.6011,0.2702,Candidate crop-transition detected,crop_transition_candidate
2020_49,partially_burnt,0.0607,0.15,0.7095,0.5048,decreasing,decreasing,2020-10-26,0.5318,0.3654,Candidate crop-transition detected,crop_transition_candidate
2020_5,completely_burnt,0.1966,0.4857,0.6947,0.5207,decreasing,decreasing,2020-10-19,0.6044,0.2778,Candidate crop-transition detected,crop_transition_candidate
2020_50,partially_burnt,0.0135,0.0335,0.6348,0.4202,decreasing,decreasing,2020-10-14,0.593,0.2963,Candidate crop-transition detected,crop_transition_candidate
2020_51,partially_burnt,0.0821,0.2029,0.3888,0.3127,decreasing,decreasing,2020-10-21,0.6088,0.2876,Candidate crop-transition detected,crop_transition_candidate
2020_52,partially_burnt,0.0217,0.0536,0.5609,0.3693,decreasing,decreasing,2020-10-14,0.6404,0.2402,Candidate crop-transition detected,crop_transition_candidate
2020_53,partially_burnt,0.0083,0.0204,0.7246,0.5373,decreasing,decreasing,2020-10-21,0.5763,0.2884,Candidate crop-transition detected,crop_transition_candidate
2020_54,partially_burnt,0.0368,0.0909,0.4893,0.425,decreasing,decreasing,2020-11-03,0.4845,0.4019,Candidate crop-transition detected,crop_transition_candidate
2020_55,partially_burnt,0.302,0.7463,0.5976,0.4603,decreasing,decreasing,2020-10-24,0.5475,0.3139,Candidate crop-transition detected,crop_transition_candidate
2020_56,partially_burnt,0.1687,0.4169,0.5103,0.4045,decreasing,decreasing,2020-10-24,0.5262,0.3135,Candidate crop-transition detected,crop_transition_candidate
2020_57,golden_yellow_unburnt,0.8306,2.0525,0.5972,0.4821,decreasing,decreasing,2020-10-21,0.5876,0.27,Candidate crop-transition detected,crop_transition_candidate
2020_58,golden_yellow_unburnt,0.2058,0.5086,0.6492,0.5138,decreasing,decreasing,2020-10-19,0.5863,0.2609,Candidate crop-transition detected,crop_transition_candidate
2020_59,golden_yellow_unburnt,1.2083,2.9857,0.5234,0.4303,decreasing,decreasing,2020-09-29,0.6276,0.2557,Candidate crop-transition detected,crop_transition_candidate
2020_6,completely_burnt,0.1767,0.4367,0.5459,0.3895,decreasing,decreasing,2020-10-24,0.5818,0.3462,Candidate crop-transition detected,crop_transition_candidate
2020_60,golden_yellow_unburnt,0.3334,0.8238,0.493,0.4278,decreasing,decreasing,2020-10-24,0.6589,0.2724,Candidate crop-transition detected,crop_transition_candidate
2020_61,golden_yellow_unburnt,0.8795,2.1733,0.2525,0.3033,decreasing,decreasing,2020-10-24,0.5621,0.3131,Candidate crop-transition detected,crop_transition_candidate
2020_62,golden_yellow_unburnt,0.2326,0.5748,0.6598,0.5167,decreasing,decreasing,2020-10-24,0.5377,0.3298,Candidate crop-transition detected,crop_transition_candidate
2020_63,golden_yellow_unburnt,0.3551,0.8774,0.3957,0.2813,decreasing,decreasing,2020-09-29,0.6719,0.2413,Candidate crop-transition detected,crop_transition_candidate
2020_64,golden_yellow_unburnt,0.1954,0.483,0.4734,0.2892,decreasing,decreasing,2020-10-26,0.5654,0.3146,Candidate crop-transition detected,crop_transition_candidate
2020_65,golden_yellow_unburnt,0.125,0.3089,0.4155,0.291,decreasing,decreasing,2020-10-26,0.6017,0.3079,Candidate crop-transition detected,crop_transition_candidate
2020_66,golden_yellow_unburnt,0.8771,2.1673,0.5076,0.3221,decreasing,decreasing,2020-10-24,0.5669,0.2833,Candidate crop-transition detected,crop_transition_candidate
2020_67,golden_yellow_unburnt,0.3222,0.7961,0.5028,0.3584,decreasing,decreasing,2020-10-26,0.6228,0.289,Candidate crop-transition detected,crop_transition_candidate
2020_68,golden_yellow_unburnt,0.1111,0.2745,0.6657,0.5078,decreasing,decreasing,2020-10-21,0.6002,0.269,Candidate crop-transition detected,crop_transition_candidate
2020_69,golden_yellow_unburnt,0.101,0.2495,0.4272,0.3626,decreasing,decreasing,2020-10-24,0.6563,0.2751,Candidate crop-transition detected,crop_transition_candidate
2020_7,completely_burnt,0.2754,0.6806,0.4955,0.2844,decreasing,decreasing,2020-10-21,0.6025,0.2773,Candidate crop-transition detected,crop_transition_candidate
2020_70,green_unburnt,0.6164,1.5232,0.2659,-0.0479,decreasing,decreasing,2020-11-08,0.4161,0.3507,Candidate crop-transition detected,crop_transition_candidate
2020_71,green_unburnt,0.504,1.2453,0.655,0.5419,decreasing,decreasing,2020-11-08,0.4548,0.4046,Candidate crop-transition detected,crop_transition_candidate
2020_72,green_unburnt,0.4605,1.1379,0.5751,0.4679,decreasing,decreasing,2020-11-08,0.4509,0.3235,Candidate crop-transition detected,crop_transition_candidate
2020_73,green_unburnt,0.4656,1.1505,0.5012,0.3681,decreasing,decreasing,2020-11-05,0.4824,0.3014,Candidate crop-transition detected,crop_transition_candidate
2020_74,green_unburnt,0.0497,0.1228,0.7624,0.6015,decreasing,decreasing,2020-10-06,0.5605,0.2382,Candidate crop-transition detected,crop_transition_candidate
2020_75,green_unburnt,0.6597,1.6301,0.6108,0.5267,decreasing,decreasing,2020-11-08,0.4814,0.3714,Candidate crop-transition detected,crop_transition_candidate
2020_76,green_unburnt,0.7621,1.8831,0.3273,0.1373,decreasing,decreasing,2020-11-05,0.582,0.2668,Candidate crop-transition detected,crop_transition_candidate
2020_77,green_unburnt,0.2518,0.6223,0.6645,0.5683,decreasing,decreasing,2020-11-08,0.517,0.3487,Candidate crop-transition detected,crop_transition_candidate
2020_78,green_unburnt,0.1779,0.4397,0.6834,0.5985,decreasing,decreasing,2020-11-05,0.5787,0.3078,Candidate crop-transition detected,crop_transition_candidate
2020_79,green_unburnt,0.8859,2.1891,0.595,0.4884,decreasing,decreasing,2020-11-08,0.4465,0.3353,Candidate crop-transition detected,crop_transition_candidate
2020_8,completely_burnt,0.2162,0.5342,0.673,0.4738,decreasing,decreasing,2020-10-26,0.6164,0.2699,Candidate crop-transition detected,crop_transition_candidate
2020_80,green_unburnt,0.7353,1.8169,0.3555,0.1917,decreasing,decreasing,2020-11-08,0.4296,0.3352,Candidate crop-transition detected,crop_transition_candidate
2020_81,green_unburnt,0.0287,0.0708,0.7517,0.6151,decreasing,stable,2020-09-29,0.5358,0.3231,Candidate crop-transition detected,crop_transition_candidate
2020_9,completely_burnt,0.1019,0.2518,0.7029,0.5055,decreasing,decreasing,2020-10-24,0.561,0.3298,Candidate crop-transition detected,crop_transition_candidate
2021_1,completely_burnt,0.3831,0.9465,0.622,0.5939,decreasing,decreasing,2020-10-19,0.3116,0.4351,Candidate crop-transition detected,crop_transition_candidate
2021_10,completely_burnt,0.3985,0.9847,0.6394,0.5997,decreasing,decreasing,2020-10-19,0.3331,0.4377,Candidate crop-transition detected,crop_transition_candidate
2021_100,partially_burnt,0.2079,0.5138,0.635,0.5132,decreasing,decreasing,2020-10-19,0.3465,0.3949,Candidate crop-transition detected,crop_transition_candidate
2021_101,partially_burnt,0.6824,1.6863,0.546,0.4,decreasing,decreasing,2020-10-24,0.3673,0.379,Candidate crop-transition detected,crop_transition_candidate
2021_102,partially_burnt,0.6286,1.5534,0.6563,0.5231,decreasing,decreasing,2020-10-14,0.354,0.3416,Candidate crop-transition detected,crop_transition_candidate
2021_103,partially_burnt,0.1927,0.4762,0.6051,0.4522,decreasing,decreasing,2020-11-03,0.4267,0.3858,Candidate crop-transition detected,crop_transition_candidate
2021_104,partially_burnt,0.088,0.2173,0.4929,0.3159,decreasing,decreasing,2020-11-08,0.3172,0.4352,Candidate crop-transition detected,crop_transition_candidate
2021_105,partially_burnt,0.1927,0.4761,0.5468,0.3779,decreasing,decreasing,2020-10-24,0.3875,0.3766,Candidate crop-transition detected,crop_transition_candidate
2021_106,partially_burnt,0.2243,0.5542,0.637,0.473,decreasing,decreasing,2020-11-03,0.344,0.4211,Candidate crop-transition detected,crop_transition_candidate
2021_107,partially_burnt,0.9219,2.2781,0.2981,0.0443,decreasing,decreasing,2020-10-24,0.4442,0.3158,Candidate crop-transition detected,crop_transition_candidate
2021_108,partially_burnt,0.3378,0.8348,0.6457,0.5631,increasing,increasing,2020-10-24,0.2902,0.3,Candidate crop-transition detected,crop_transition_candidate
2021_109,partially_burnt,0.3045,0.7523,0.5927,0.4341,decreasing,decreasing,2020-10-14,0.3391,0.3629,Candidate crop-transition detected,crop_transition_candidate
2021_11,completely_burnt,0.3808,0.941,0.2737,0.0689,decreasing,decreasing,2020-10-24,0.3466,0.3175,Candidate crop-transition detected,crop_transition_candidate
2021_110,partially_burnt,0.137,0.3385,0.6518,0.5451,decreasing,decreasing,2020-11-03,0.3457,0.4811,Candidate crop-transition detected,crop_transition_candidate
2021_111,partially_burnt,0.8648,2.1371,0.2301,0.0267,decreasing,decreasing,2020-11-03,0.333,0.3684,Candidate crop-transition detected,crop_transition_candidate
2021_112,partially_burnt,0.3492,0.8628,0.5155,0.3612,decreasing,decreasing,2020-10-14,0.3578,0.3287,Candidate crop-transition detected,crop_transition_candidate
2021_113,partially_burnt,0.2777,0.6862,0.3454,0.1275,decreasing,decreasing,2020-10-24,0.3692,0.3425,Candidate crop-transition detected,crop_transition_candidate
2021_114,partially_burnt,0.2136,0.5278,0.6902,0.5357,decreasing,decreasing,2020-10-19,0.3915,0.353,Candidate crop-transition detected,crop_transition_candidate
2021_115,partially_burnt,0.5908,1.4599,0.6913,0.5332,decreasing,decreasing,2020-10-19,0.3914,0.359,Candidate crop-transition detected,crop_transition_candidate
2021_116,partially_burnt,0.3872,0.9567,0.6561,0.5282,decreasing,decreasing,2020-11-03,0.3139,0.4854,Candidate crop-transition detected,crop_transition_candidate
2021_117,partially_burnt,0.3762,0.9297,0.6722,0.5613,decreasing,decreasing,2020-10-24,0.3727,0.3708,Candidate crop-transition detected,crop_transition_candidate
2021_118,partially_burnt,0.227,0.561,0.6378,0.514,decreasing,decreasing,2020-10-24,0.39,0.3648,Candidate crop-transition detected,crop_transition_candidate
2021_119,partially_burnt,0.1592,0.3934,0.5826,0.4223,decreasing,decreasing,2020-11-03,0.3504,0.3808,Candidate crop-transition detected,crop_transition_candidate
2021_12,completely_burnt,0.3368,0.8323,0.2779,0.0578,decreasing,decreasing,2020-10-24,0.3715,0.3421,Candidate crop-transition detected,crop_transition_candidate
2021_120,partially_burnt,0.7078,1.749,0.5622,0.4138,decreasing,decreasing,2020-11-08,0.3718,0.3994,Candidate crop-transition detected,crop_transition_candidate
2021_121,partially_burnt,0.3461,0.8552,0.6328,0.5617,decreasing,decreasing,2020-10-14,0.3909,0.3634,Candidate crop-transition detected,crop_transition_candidate
2021_122,partially_burnt,0.4746,1.1728,0.6852,0.4829,stable,decreasing,2020-10-19,0.3425,0.3598,Candidate crop-transition detected,crop_transition_candidate
2021_123,partially_burnt,0.3963,0.9792,0.748,0.5181,increasing,decreasing,2020-10-24,0.314,0.4138,Candidate crop-transition detected,crop_transition_candidate
2021_124,partially_burnt,0.3661,0.9047,0.4529,0.2557,decreasing,decreasing,2020-10-24,0.3886,0.3479,Candidate crop-transition detected,crop_transition_candidate
2021_125,partially_burnt,1.1445,2.8281,0.5794,0.3657,decreasing,decreasing,2020-10-19,0.4477,0.2904,Candidate crop-transition detected,crop_transition_candidate
2021_126,partially_burnt,0.3687,0.9111,0.5188,0.3214,decreasing,decreasing,2020-11-03,0.2968,0.4211,Candidate crop-transition detected,crop_transition_candidate
2021_127,partially_burnt,0.3526,0.8714,0.6754,0.4824,decreasing,decreasing,2020-10-19,0.4237,0.2727,Candidate crop-transition detected,crop_transition_candidate
2021_128,partially_burnt,0.3605,0.8908,0.5418,0.3109,decreasing,decreasing,2020-11-03,0.3651,0.3735,Candidate crop-transition detected,crop_transition_candidate
2021_129,partially_burnt,0.4671,1.1542,0.4443,0.2328,decreasing,decreasing,2020-10-14,0.3891,0.3086,Candidate crop-transition detected,crop_transition_candidate
2021_13,completely_burnt,0.5449,1.3466,0.734,0.5765,stable,decreasing,2020-11-03,0.3682,0.4046,Candidate crop-transition detected,crop_transition_candidate
2021_130,partially_burnt,0.2214,0.547,0.6205,0.3821,decreasing,decreasing,2020-10-19,0.3685,0.3101,Candidate crop-transition detected,crop_transition_candidate
2021_131,partially_burnt,0.2073,0.5123,0.7616,0.6255,increasing,stable,2020-10-19,0.4332,0.3002,Candidate crop-transition detected,crop_transition_candidate
2021_132,partially_burnt,0.5698,1.4079,0.5712,0.4344,decreasing,decreasing,2020-11-08,0.4727,0.2767,Candidate crop-transition detected,crop_transition_candidate
2021_133,partially_burnt,0.4632,1.1446,0.5623,0.4314,decreasing,decreasing,2020-11-08,0.4726,0.2606,Candidate crop-transition detected,crop_transition_candidate
2021_134,partially_burnt,0.6737,1.6649,0.5638,0.4218,decreasing,decreasing,2020-11-13,0.3927,0.3101,Candidate crop-transition detected,crop_transition_candidate
2021_135,partially_burnt,0.1288,0.3182,0.808,0.6543,increasing,stable,,,,No significant transition detected,burn_labeled
2021_136,partially_burnt,1.3531,3.3436,0.6712,0.5588,decreasing,decreasing,2020-11-03,0.4709,0.3365,Candidate crop-transition detected,crop_transition_candidate
2021_137,partially_burnt,1.2755,3.1517,0.6483,0.46,increasing,decreasing,2020-11-08,0.2866,0.3946,Candidate crop-transition detected,crop_transition_candidate
2021_138,partially_burnt,0.7249,1.7913,0.4544,0.2686,decreasing,decreasing,2020-11-08,0.3524,0.477,Candidate crop-transition detected,crop_transition_candidate
2021_139,partially_burnt,0.3967,0.9803,0.277,0.07,decreasing,decreasing,2020-11-03,0.4618,0.3557,Candidate crop-transition detected,crop_transition_candidate
2021_14,completely_burnt,0.3271,0.8084,0.5881,0.4338,decreasing,decreasing,2020-10-24,0.415,0.3292,Candidate crop-transition detected,crop_transition_candidate
2021_140,partially_burnt,0.6247,1.5437,0.6472,0.6295,decreasing,decreasing,2020-10-24,0.378,0.3836,Candidate crop-transition detected,crop_transition_candidate
2021_141,partially_burnt,0.4725,1.1676,0.5072,0.3674,decreasing,decreasing,2020-11-03,0.3583,0.4378,Candidate crop-transition detected,crop_transition_candidate
2021_142,partially_burnt,0.5569,1.3761,0.721,0.6375,decreasing,stable,2020-10-24,0.4332,0.343,Candidate crop-transition detected,crop_transition_candidate
2021_143,partially_burnt,1.184,2.9258,0.6972,0.6093,decreasing,stable,2020-10-24,0.4262,0.3346,Candidate crop-transition detected,crop_transition_candidate
2021_144,partially_burnt,0.4142,1.0236,0.3254,0.155,decreasing,decreasing,2020-11-03,0.3415,0.4322,Candidate crop-transition detected,crop_transition_candidate
2021_145,partially_burnt,0.0871,0.2152,0.8721,0.7188,increasing,increasing,2020-10-09,0.3393,0.3355,Candidate crop-transition detected,crop_transition_candidate
2021_146,partially_burnt,0.1292,0.3192,0.5697,0.3936,decreasing,decreasing,2020-11-03,0.3499,0.3952,Candidate crop-transition detected,crop_transition_candidate
2021_147,partially_burnt,0.3496,0.8638,0.5662,0.3648,decreasing,decreasing,2020-10-24,0.4101,0.2965,Candidate crop-transition detected,crop_transition_candidate
2021_148,partially_burnt,0.382,0.9439,0.6886,0.4891,stable,decreasing,2020-10-19,0.3765,0.3177,Candidate crop-transition detected,crop_transition_candidate
2021_149,partially_burnt,0.2181,0.539,0.6161,0.4067,decreasing,decreasing,2020-10-19,0.4363,0.2654,Candidate crop-transition detected,crop_transition_candidate
2021_15,completely_burnt,0.4234,1.0461,0.2617,0.0732,decreasing,decreasing,2020-10-24,0.3615,0.3379,Candidate crop-transition detected,crop_transition_candidate
2021_150,partially_burnt,0.4091,1.011,0.7072,0.5217,stable,decreasing,2020-10-19,0.4018,0.2911,Candidate crop-transition detected,crop_transition_candidate
2021_151,partially_burnt,0.6825,1.6865,0.4615,0.2661,decreasing,decreasing,2020-11-03,0.4257,0.3283,Candidate crop-transition detected,crop_transition_candidate
2021_152,partially_burnt,0.6909,1.7072,0.737,0.6207,stable,increasing,,,,No significant transition detected,burn_labeled
2021_153,partially_burnt,0.3585,0.8858,0.5034,0.3458,increasing,increasing,,,,No significant transition detected,burn_labeled
2021_154,partially_burnt,0.8633,2.1333,0.5199,0.4803,decreasing,decreasing,2020-10-24,0.4283,0.3453,Candidate crop-transition detected,crop_transition_candidate
2021_155,partially_burnt,0.7593,1.8763,0.4761,0.2512,decreasing,decreasing,2020-10-19,0.4393,0.3252,Candidate crop-transition detected,crop_transition_candidate
2021_156,partially_burnt,0.5108,1.2622,0.673,0.5883,decreasing,stable,2020-10-14,0.352,0.3437,Candidate crop-transition detected,crop_transition_candidate
2021_157,partially_burnt,0.1847,0.4563,0.6406,0.564,decreasing,increasing,2020-10-09,0.3943,0.283,Candidate crop-transition detected,crop_transition_candidate
2021_158,partially_burnt,0.1692,0.4181,0.5903,0.4446,decreasing,decreasing,2020-10-14,0.2965,0.3671,Candidate crop-transition detected,crop_transition_candidate
2021_159,partially_burnt,0.5583,1.3797,0.5719,0.4239,decreasing,decreasing,2020-10-24,0.3782,0.3446,Candidate crop-transition detected,crop_transition_candidate
2021_16,completely_burnt,0.2366,0.5848,0.5233,0.4058,decreasing,decreasing,2020-11-03,0.3571,0.4112,Candidate crop-transition detected,crop_transition_candidate
2021_160,partially_burnt,0.4782,1.1817,0.522,0.3705,decreasing,decreasing,2020-10-24,0.3806,0.3461,Candidate crop-transition detected,crop_transition_candidate
2021_161,partially_burnt,0.296,0.7315,0.365,0.3144,increasing,increasing,2020-12-03,0.2087,0.3687,Candidate crop-transition detected,crop_transition_candidate
2021_162,partially_burnt,0.5559,1.3736,0.6567,0.5473,decreasing,decreasing,2020-10-14,0.3462,0.3606,Candidate crop-transition detected,crop_transition_candidate
2021_163,partially_burnt,0.384,0.9488,0.3967,0.1926,decreasing,decreasing,2020-10-24,0.4351,0.3117,Candidate crop-transition detected,crop_transition_candidate
2021_164,partially_burnt,0.2118,0.5234,0.6298,0.4678,decreasing,decreasing,2020-11-08,0.3417,0.4744,Candidate crop-transition detected,crop_transition_candidate
2021_165,partially_burnt,0.0831,0.2055,0.5889,0.4664,decreasing,decreasing,2020-11-08,0.339,0.3614,Candidate crop-transition detected,crop_transition_candidate
2021_166,partially_burnt,1.6539,4.0869,0.7006,0.6105,stable,increasing,2020-10-14,0.3389,0.35,Candidate crop-transition detected,crop_transition_candidate
2021_167,partially_burnt,0.2502,0.6182,0.6926,0.6064,decreasing,decreasing,2020-10-14,0.3586,0.3984,Candidate crop-transition detected,crop_transition_candidate
2021_168,partially_burnt,0.2574,0.636,0.6734,0.5566,decreasing,decreasing,2020-10-14,0.3648,0.3513,Candidate crop-transition detected,crop_transition_candidate
2021_169,partially_burnt,0.153,0.378,0.7023,0.6018,increasing,increasing,2020-10-09,0.3648,0.296,Candidate crop-transition detected,crop_transition_candidate
2021_17,completely_burnt,0.401,0.9908,0.2199,0.0296,increasing,decreasing,2020-11-03,0.3353,0.4509,Candidate crop-transition detected,crop_transition_candidate
2021_170,partially_burnt,0.2732,0.6752,0.5768,0.492,decreasing,decreasing,2020-10-24,0.398,0.3552,Candidate crop-transition detected,crop_transition_candidate
2021_171,partially_burnt,0.429,1.0601,0.5841,0.5211,decreasing,decreasing,2020-10-24,0.3807,0.3669,Candidate crop-transition detected,crop_transition_candidate
2021_172,partially_burnt,0.4088,1.0102,0.593,0.4805,decreasing,decreasing,2020-10-24,0.4056,0.3633,Candidate crop-transition detected,crop_transition_candidate
2021_173,partially_burnt,0.3861,0.954,0.5501,0.4351,decreasing,decreasing,2020-10-19,0.4101,0.2737,Candidate crop-transition detected,crop_transition_candidate
2021_174,partially_burnt,0.4369,1.0796,0.4086,0.2796,decreasing,decreasing,2020-11-13,0.3036,0.2758,Candidate crop-transition detected,crop_transition_candidate
2021_175,partially_burnt,0.0898,0.2219,0.4037,0.2249,decreasing,decreasing,2020-10-24,0.435,0.31,Candidate crop-transition detected,crop_transition_candidate
2021_176,partially_burnt,0.3345,0.8266,0.6229,0.4796,decreasing,decreasing,2020-10-24,0.4892,0.2826,Candidate crop-transition detected,crop_transition_candidate
2021_177,partially_burnt,0.3966,0.9799,0.6237,0.5045,decreasing,decreasing,2020-10-24,0.4,0.3616,Candidate crop-transition detected,crop_transition_candidate
2021_178,partially_burnt,0.7655,1.8915,0.1532,-0.0884,decreasing,decreasing,,,,No significant transition detected,burn_labeled
2021_179,partially_burnt,0.5007,1.2372,0.6799,0.609,decreasing,increasing,2020-10-14,0.4002,0.3424,Candidate crop-transition detected,crop_transition_candidate
2021_18,completely_burnt,0.747,1.8458,0.7133,0.6163,stable,increasing,2020-10-14,0.3411,0.3562,Candidate crop-transition detected,crop_transition_candidate
2021_180,partially_burnt,0.4231,1.0455,0.6144,0.4502,stable,decreasing,2020-10-09,0.2912,0.3176,Candidate crop-transition detected,crop_transition_candidate
2021_181,partially_burnt,0.3018,0.7457,0.6517,0.524,stable,stable,2020-10-09,0.3123,0.3208,Candidate crop-transition detected,crop_transition_candidate
2021_182,partially_burnt,0.3865,0.9551,0.6688,0.5492,increasing,increasing,2020-10-09,0.3135,0.3129,Candidate crop-transition detected,crop_transition_candidate
2021_183,partially_burnt,0.3576,0.8836,0.6469,0.4814,stable,stable,2020-10-09,0.3417,0.3061,Candidate crop-transition detected,crop_transition_candidate
2021_184,partially_burnt,0.2976,0.7353,0.7003,0.6036,increasing,increasing,2020-10-09,0.3549,0.3238,Candidate crop-transition detected,crop_transition_candidate
2021_185,partially_burnt,0.5261,1.3,0.2281,0.006,decreasing,decreasing,2020-10-24,0.3901,0.396,Candidate crop-transition detected,crop_transition_candidate
2021_186,partially_burnt,0.7506,1.8547,0.2079,-0.0253,decreasing,decreasing,2020-10-24,0.387,0.3998,Candidate crop-transition detected,crop_transition_candidate
2021_187,partially_burnt,0.4326,1.069,0.1775,-0.0292,decreasing,decreasing,2020-10-24,0.4387,0.3377,Candidate crop-transition detected,crop_transition_candidate
2021_188,partially_burnt,0.4775,1.18,0.5937,0.3593,decreasing,decreasing,2020-10-24,0.4406,0.3125,Candidate crop-transition detected,crop_transition_candidate
2021_189,partially_burnt,0.2672,0.6602,0.6121,0.3815,decreasing,decreasing,2020-10-19,0.4541,0.2914,Candidate crop-transition detected,crop_transition_candidate
2021_19,completely_burnt,0.4567,1.1286,0.6573,0.5127,decreasing,decreasing,2020-11-03,0.333,0.4755,Candidate crop-transition detected,crop_transition_candidate
2021_190,partially_burnt,0.8655,2.1387,0.6748,0.4474,decreasing,decreasing,2020-10-19,0.4714,0.2942,Candidate crop-transition detected,crop_transition_candidate
2021_191,partially_burnt,0.3748,0.9262,0.6194,0.3796,decreasing,decreasing,2020-10-24,0.4255,0.3392,Candidate crop-transition detected,crop_transition_candidate
2021_192,partially_burnt,0.429,1.0601,0.6045,0.3729,decreasing,decreasing,2020-10-24,0.4422,0.3269,Candidate crop-transition detected,crop_transition_candidate
2021_193,partially_burnt,0.7771,1.9204,0.4401,0.2129,decreasing,decreasing,2020-11-03,0.4263,0.3856,Candidate crop-transition detected,crop_transition_candidate
2021_194,partially_burnt,0.82,2.0263,0.7567,0.5841,increasing,stable,2020-10-19,0.3389,0.3237,Candidate crop-transition detected,crop_transition_candidate
2021_195,partially_burnt,0.3429,0.8474,0.699,0.515,decreasing,decreasing,2020-10-24,0.3849,0.4056,Candidate crop-transition detected,crop_transition_candidate
2021_196,partially_burnt,0.418,1.033,0.6852,0.4354,decreasing,decreasing,2020-10-19,0.4646,0.3105,Candidate crop-transition detected,crop_transition_candidate
2021_197,partially_burnt,0.5859,1.4478,0.7507,0.5496,increasing,decreasing,2020-10-14,0.412,0.3143,Candidate crop-transition detected,crop_transition_candidate
2021_198,partially_burnt,0.4275,1.0565,0.8111,0.6503,increasing,increasing,2020-11-03,0.2821,0.4484,Candidate crop-transition detected,crop_transition_candidate
2021_199,partially_burnt,0.2458,0.6073,0.817,0.6553,increasing,increasing,2020-11-03,0.2881,0.4447,Candidate crop-transition detected,crop_transition_candidate
2021_2,completely_burnt,0.5823,1.439,0.2572,0.0203,decreasing,decreasing,2020-11-03,0.4829,0.4133,Candidate crop-transition detected,crop_transition_candidate
2021_20,completely_burnt,0.2105,0.5201,0.6406,0.5338,decreasing,decreasing,2020-10-19,0.3227,0.4391,Candidate crop-transition detected,crop_transition_candidate
2021_200,partially_burnt,0.7353,1.8169,0.5701,0.377,decreasing,decreasing,2020-10-19,0.3525,0.4012,Candidate crop-transition detected,crop_transition_candidate
2021_201,partially_burnt,0.2341,0.5785,0.6952,0.53,decreasing,decreasing,2020-10-19,0.3465,0.4027,Candidate crop-transition detected,crop_transition_candidate
2021_202,partially_burnt,0.4029,0.9957,0.6014,0.38,decreasing,decreasing,2020-10-14,0.45,0.3055,Candidate crop-transition detected,crop_transition_candidate
2021_203,partially_burnt,0.6863,1.6959,0.6501,0.4693,decreasing,decreasing,2020-10-19,0.3628,0.4028,Candidate crop-transition detected,crop_transition_candidate
2021_204,partially_burnt,0.8163,2.017,0.6173,0.4505,decreasing,decreasing,2020-10-19,0.3657,0.3825,Candidate crop-transition detected,crop_transition_candidate
2021_205,partially_burnt,0.405,1.0007,0.5734,0.391,decreasing,decreasing,2020-10-19,0.3932,0.3672,Candidate crop-transition detected,crop_transition_candidate
2021_206,partially_burnt,0.4288,1.0596,0.5833,0.4011,decreasing,decreasing,2020-10-19,0.3833,0.3652,Candidate crop-transition detected,crop_transition_candidate
2021_207,partially_burnt,0.2673,0.6605,0.5785,0.402,decreasing,decreasing,2020-10-24,0.2809,0.4715,Candidate crop-transition detected,crop_transition_candidate
2021_208,partially_burnt,0.413,1.0205,0.5131,0.3102,decreasing,decreasing,2020-10-19,0.3857,0.354,Candidate crop-transition detected,crop_transition_candidate
2021_209,partially_burnt,0.3407,0.8419,0.7395,0.5765,stable,decreasing,2020-10-24,0.292,0.4478,Candidate crop-transition detected,crop_transition_candidate
2021_21,completely_burnt,1.0422,2.5752,0.7411,0.6739,decreasing,stable,2020-11-03,0.326,0.4556,Candidate crop-transition detected,crop_transition_candidate
2021_210,partially_burnt,0.3072,0.7591,0.643,0.452,decreasing,decreasing,2020-10-24,0.3753,0.3606,Candidate crop-transition detected,crop_transition_candidate
2021_211,partially_burnt,0.7233,1.7873,0.6965,0.522,increasing,decreasing,2020-10-19,0.2783,0.3974,Candidate crop-transition detected,crop_transition_candidate
2021_212,partially_burnt,0.4524,1.1178,0.682,0.5124,increasing,decreasing,2020-10-14,0.3145,0.3417,Candidate crop-transition detected,crop_transition_candidate
2021_213,partially_burnt,0.4444,1.098,0.6318,0.453,decreasing,decreasing,2020-10-19,0.3614,0.3836,Candidate crop-transition detected,crop_transition_candidate
2021_214,partially_burnt,0.8275,2.0447,0.7133,0.5516,increasing,decreasing,2020-10-19,0.3053,0.3791,Candidate crop-transition detected,crop_transition_candidate
2021_215,partially_burnt,0.3802,0.9394,0.6481,0.4668,decreasing,decreasing,2020-10-14,0.4002,0.3392,Candidate crop-transition detected,crop_transition_candidate
2021_216,partially_burnt,0.3254,0.804,0.7087,0.5569,stable,decreasing,2020-10-14,0.382,0.3308,Candidate crop-transition detected,crop_transition_candidate
2021_217,partially_burnt,0.4484,1.1079,0.604,0.4569,decreasing,decreasing,2020-10-19,0.3592,0.3655,Candidate crop-transition detected,crop_transition_candidate
2021_218,partially_burnt,0.5134,1.2687,0.8108,0.6659,increasing,stable,2020-10-19,0.4074,0.3361,Candidate crop-transition detected,crop_transition_candidate
2021_219,partially_burnt,0.4031,0.996,0.7764,0.6441,increasing,stable,2020-10-19,0.3788,0.3616,Candidate crop-transition detected,crop_transition_candidate
2021_22,completely_burnt,0.216,0.5337,0.6842,0.5665,decreasing,decreasing,2020-10-24,0.3517,0.3606,Candidate crop-transition detected,crop_transition_candidate
2021_220,partially_burnt,0.2569,0.6349,0.7241,0.5623,increasing,increasing,2020-10-24,0.2858,0.3927,Candidate crop-transition detected,crop_transition_candidate
2021_221,partially_burnt,0.211,0.5214,0.8198,0.6947,increasing,stable,2020-10-19,0.388,0.3734,Candidate crop-transition detected,crop_transition_candidate
2021_222,partially_burnt,0.6377,1.5757,0.746,0.5869,stable,decreasing,2020-10-24,0.3387,0.4147,Candidate crop-transition detected,crop_transition_candidate
2021_223,partially_burnt,0.5518,1.3636,0.7065,0.569,stable,decreasing,2020-10-19,0.3521,0.3623,Candidate crop-transition detected,crop_transition_candidate
2021_224,partially_burnt,0.4035,0.997,0.7157,0.5782,stable,decreasing,2020-10-24,0.2744,0.4362,Candidate crop-transition detected,crop_transition_candidate
2021_225,partially_burnt,0.5325,1.3158,0.4386,0.2217,decreasing,decreasing,2020-11-03,0.3953,0.3654,Candidate crop-transition detected,crop_transition_candidate
2021_226,partially_burnt,0.2691,0.6649,0.8066,0.6453,increasing,stable,2020-10-24,0.3152,0.4302,Candidate crop-transition detected,crop_transition_candidate
2021_227,partially_burnt,0.3446,0.8515,0.7652,0.6168,increasing,decreasing,2020-10-24,0.3252,0.4174,Candidate crop-transition detected,crop_transition_candidate
2021_228,partially_burnt,0.3526,0.8713,0.7825,0.6092,increasing,decreasing,2020-10-19,0.4425,0.3024,Candidate crop-transition detected,crop_transition_candidate
2021_229,partially_burnt,0.3933,0.9718,0.7809,0.6173,increasing,stable,2020-10-24,0.3499,0.387,Candidate crop-transition detected,crop_transition_candidate
2021_23,completely_burnt,0.298,0.7363,0.2929,0.1009,decreasing,decreasing,2020-10-24,0.3616,0.3277,Candidate crop-transition detected,crop_transition_candidate
2021_230,partially_burnt,0.2795,0.6907,0.8214,0.6435,increasing,stable,2020-10-24,0.4245,0.3277,Candidate crop-transition detected,crop_transition_candidate
2021_231,partially_burnt,0.0886,0.2188,0.6848,0.4642,decreasing,decreasing,2020-11-03,0.2509,0.4937,Candidate crop-transition detected,crop_transition_candidate
2021_232,partially_burnt,0.7125,1.7606,0.5848,0.4409,decreasing,decreasing,2020-10-19,0.3642,0.3034,Candidate crop-transition detected,crop_transition_candidate
2021_233,partially_burnt,0.4681,1.1568,0.3639,0.1678,decreasing,decreasing,2020-10-19,0.4127,0.3261,Candidate crop-transition detected,crop_transition_candidate
2021_234,partially_burnt,0.3479,0.8596,0.757,0.6033,increasing,increasing,2020-10-24,0.3001,0.4015,Candidate crop-transition detected,crop_transition_candidate
2021_235,partially_burnt,0.3445,0.8514,0.7465,0.5767,increasing,stable,2020-10-19,0.37,0.3276,Candidate crop-transition detected,crop_transition_candidate
2021_236,partially_burnt,0.7136,1.7632,0.8348,0.6789,increasing,increasing,2020-10-24,0.3743,0.3704,Candidate crop-transition detected,crop_transition_candidate
2021_237,partially_burnt,0.1662,0.4107,0.2274,0.0328,decreasing,decreasing,2020-10-24,0.4545,0.3157,Candidate crop-transition detected,crop_transition_candidate
2021_238,partially_burnt,0.3966,0.9801,0.6226,0.4012,decreasing,decreasing,2020-10-19,0.337,0.3553,Candidate crop-transition detected,crop_transition_candidate
2021_239,partially_burnt,0.4295,1.0614,0.6183,0.3834,decreasing,decreasing,2020-10-19,0.3096,0.3711,Candidate crop-transition detected,crop_transition_candidate
2021_24,completely_burnt,0.4334,1.071,0.6989,0.5771,decreasing,stable,2020-11-03,0.3316,0.4426,Candidate crop-transition detected,crop_transition_candidate
2021_240,partially_burnt,0.3741,0.9244,0.2583,-0.0033,decreasing,decreasing,2020-10-19,0.2986,0.3652,Candidate crop-transition detected,crop_transition_candidate
2021_241,partially_burnt,0.3845,0.9501,0.6334,0.384,decreasing,decreasing,2020-10-19,0.2946,0.4036,Candidate crop-transition detected,crop_transition_candidate
2021_242,partially_burnt,0.4355,1.0762,0.6027,0.3559,decreasing,decreasing,2020-10-19,0.307,0.4038,Candidate crop-transition detected,crop_transition_candidate
2021_243,partially_burnt,0.5609,1.3859,0.5121,0.2395,decreasing,decreasing,2020-10-19,0.3,0.3854,Candidate crop-transition detected,crop_transition_candidate
2021_244,partially_burnt,0.5071,1.2532,0.5707,0.3251,decreasing,decreasing,2020-10-14,0.3642,0.3331,Candidate crop-transition detected,crop_transition_candidate
2021_245,partially_burnt,0.4249,1.0499,0.6424,0.4451,increasing,decreasing,2020-10-09,0.3483,0.2425,Candidate crop-transition detected,crop_transition_candidate
2021_246,partially_burnt,0.2035,0.5029,0.76,0.6066,increasing,increasing,2020-10-09,0.3167,0.2291,Candidate crop-transition detected,crop_transition_candidate
2021_247,partially_burnt,0.2968,0.7333,0.7381,0.5396,increasing,decreasing,2020-11-03,0.316,0.3966,Candidate crop-transition detected,crop_transition_candidate
2021_248,partially_burnt,1.3133,3.2451,0.7104,0.5091,increasing,decreasing,2020-10-19,0.2613,0.3501,Candidate crop-transition detected,crop_transition_candidate
2021_249,partially_burnt,0.4375,1.0811,0.8025,0.6445,increasing,decreasing,2020-11-03,0.3996,0.381,Candidate crop-transition detected,crop_transition_candidate
2021_25,completely_burnt,0.5206,1.2865,0.2219,0.0059,decreasing,decreasing,2020-11-03,0.4441,0.3629,Candidate crop-transition detected,crop_transition_candidate
2021_250,partially_burnt,0.0687,0.1697,0.6879,0.5466,decreasing,decreasing,2020-10-24,0.3762,0.3775,Candidate crop-transition detected,crop_transition_candidate
2021_251,partially_burnt,0.2367,0.5849,0.6883,0.5153,decreasing,decreasing,2020-10-24,0.3251,0.42,Candidate crop-transition detected,crop_transition_candidate
2021_252,partially_burnt,0.1675,0.4138,0.6311,0.4781,decreasing,decreasing,2020-10-24,0.3526,0.4043,Candidate crop-transition detected,crop_transition_candidate
2021_253,partially_burnt,0.1126,0.2783,0.2469,0.027,decreasing,decreasing,2020-10-24,0.404,0.3734,Candidate crop-transition detected,crop_transition_candidate
2021_254,partially_burnt,0.3562,0.8802,0.7969,0.6599,increasing,increasing,2020-10-19,0.4486,0.2988,Candidate crop-transition detected,crop_transition_candidate
2021_255,partially_burnt,0.6706,1.6572,0.3645,0.1832,decreasing,decreasing,2020-10-24,0.3446,0.3911,Candidate crop-transition detected,crop_transition_candidate
2021_256,partially_burnt,0.3194,0.7892,0.7656,0.6139,increasing,decreasing,2020-11-03,0.3122,0.4303,Candidate crop-transition detected,crop_transition_candidate
2021_257,partially_burnt,0.4162,1.0284,0.547,0.3384,decreasing,decreasing,2020-10-19,0.3473,0.3851,Candidate crop-transition detected,crop_transition_candidate
2021_258,partially_burnt,0.2858,0.7061,0.5877,0.3956,decreasing,decreasing,2020-10-19,0.3764,0.3693,Candidate crop-transition detected,crop_transition_candidate
2021_259,partially_burnt,0.309,0.7636,0.5542,0.3911,decreasing,decreasing,2020-10-19,0.368,0.3853,Candidate crop-transition detected,crop_transition_candidate
2021_26,completely_burnt,1.1747,2.9027,0.471,0.3453,decreasing,decreasing,2020-10-24,0.4131,0.3634,Candidate crop-transition detected,crop_transition_candidate
2021_260,partially_burnt,0.5265,1.3009,0.6415,0.4648,decreasing,decreasing,2020-10-24,0.2782,0.4564,Candidate crop-transition detected,crop_transition_candidate
2021_261,partially_burnt,0.241,0.5956,0.5961,0.4149,decreasing,decreasing,2020-11-03,0.2857,0.4576,Candidate crop-transition detected,crop_transition_candidate
2021_262,partially_burnt,0.29,0.7165,0.5896,0.4215,decreasing,decreasing,2020-10-24,0.3687,0.3698,Candidate crop-transition detected,crop_transition_candidate
2021_263,unburnt,1.0686,2.6406,0.6867,0.5002,increasing,increasing,2020-11-03,0.3259,0.2572,Candidate crop-transition detected,crop_transition_candidate
2021_264,unburnt,1.8654,4.6095,0.7543,0.5822,increasing,stable,2020-10-09,0.365,0.2937,Candidate crop-transition detected,crop_transition_candidate
2021_265,unburnt,3.02,7.4625,0.662,0.4768,stable,decreasing,2020-10-14,0.3846,0.2921,Candidate crop-transition detected,crop_transition_candidate
2021_266,unburnt,0.6725,1.6618,0.7554,0.555,increasing,decreasing,2020-10-19,0.2372,0.4296,Candidate crop-transition detected,crop_transition_candidate
2021_267,unburnt,1.6043,3.9643,0.7919,0.5707,increasing,decreasing,2020-10-19,0.2877,0.4104,Candidate crop-transition detected,crop_transition_candidate
2021_268,unburnt,0.605,1.4949,0.5295,0.2702,decreasing,decreasing,2020-11-08,0.3335,0.4375,Candidate crop-transition detected,crop_transition_candidate
2021_269,unburnt,1.3643,3.3712,0.3029,0.0956,decreasing,decreasing,2020-10-24,0.4539,0.3169,Candidate crop-transition detected,crop_transition_candidate
2021_27,completely_burnt,0.3818,0.9434,0.4545,0.3033,decreasing,decreasing,2020-10-24,0.3954,0.3747,Candidate crop-transition detected,crop_transition_candidate
2021_270,unburnt,0.3866,0.9552,0.5997,0.4594,decreasing,decreasing,2020-10-19,0.3209,0.4046,Candidate crop-transition detected,crop_transition_candidate
2021_271,unburnt,0.188,0.4645,0.3189,0.1167,decreasing,decreasing,,,,No significant transition detected,vegetation_declining
2021_272,unburnt,0.2145,0.53,0.2472,-0.006,decreasing,decreasing,,,,No significant transition detected,vegetation_declining
2021_273,unburnt,0.3547,0.8765,0.2649,0.0263,decreasing,decreasing,,,,No significant transition detected,vegetation_declining
2021_274,unburnt,2.7105,6.6977,0.5716,0.4213,decreasing,decreasing,2020-10-19,0.3129,0.3977,Candidate crop-transition detected,crop_transition_candidate
2021_275,unburnt,0.8958,2.2136,0.3886,0.1527,decreasing,decreasing,2020-10-19,0.4031,0.3604,Candidate crop-transition detected,crop_transition_candidate
2021_276,unburnt,0.3974,0.9819,0.6075,0.5148,decreasing,decreasing,2020-10-24,0.3496,0.3309,Candidate crop-transition detected,crop_transition_candidate
2021_277,unburnt,1.3414,3.3146,0.6959,0.6024,stable,increasing,,,,No significant transition detected,stable
2021_278,unburnt,0.2486,0.6143,0.2628,0.0668,decreasing,decreasing,2020-11-08,0.3742,0.3648,Candidate crop-transition detected,crop_transition_candidate
2021_279,unburnt,0.8071,1.9943,0.3348,0.1122,decreasing,decreasing,2020-10-19,0.4408,0.267,Candidate crop-transition detected,crop_transition_candidate
2021_28,completely_burnt,0.6338,1.5661,0.7378,0.6601,decreasing,decreasing,2020-11-03,0.3185,0.4697,Candidate crop-transition detected,crop_transition_candidate
2021_280,unburnt,0.2464,0.6089,0.4409,0.3248,increasing,increasing,2020-11-28,0.3413,0.3507,Candidate crop-transition detected,crop_transition_candidate
2021_281,unburnt,0.4275,1.0563,0.474,0.3636,decreasing,decreasing,2020-11-03,0.3296,0.4127,Candidate crop-transition detected,crop_transition_candidate
2021_282,unburnt,0.6891,1.7027,0.6839,0.6214,decreasing,stable,2020-10-19,0.3413,0.3854,Candidate crop-transition detected,crop_transition_candidate
2021_283,unburnt,0.0903,0.2232,0.5649,0.4842,decreasing,decreasing,2020-11-03,0.3766,0.3813,Candidate crop-transition detected,crop_transition_candidate
2021_284,unburnt,0.5689,1.4059,0.2106,-0.0245,decreasing,decreasing,,,,No significant transition detected,vegetation_declining
2021_285,unburnt,0.1217,0.3007,0.7701,0.635,increasing,increasing,2020-10-24,0.2891,0.4205,Candidate crop-transition detected,crop_transition_candidate
2021_286,unburnt,0.5758,1.4229,0.8344,0.6776,increasing,stable,2020-10-24,0.3968,0.384,Candidate crop-transition detected,crop_transition_candidate
2021_287,unburnt,0.1745,0.4312,0.5445,0.3189,decreasing,decreasing,2020-10-19,0.3881,0.3576,Candidate crop-transition detected,crop_transition_candidate
2021_288,unburnt,1.2987,3.2091,0.3598,0.1335,decreasing,decreasing,2020-10-19,0.4182,0.3432,Candidate crop-transition detected,crop_transition_candidate
2021_289,unburnt,0.3034,0.7497,0.6886,0.5683,decreasing,decreasing,2020-11-03,0.2972,0.4653,Candidate crop-transition detected,crop_transition_candidate
2021_29,completely_burnt,0.2706,0.6687,0.6337,0.4435,decreasing,decreasing,2020-10-19,0.3318,0.3923,Candidate crop-transition detected,crop_transition_candidate
2021_290,unburnt,1.3622,3.3662,0.2601,0.0369,decreasing,decreasing,2020-10-24,0.4069,0.3421,Candidate crop-transition detected,crop_transition_candidate
2021_291,unburnt,0.4669,1.1538,0.6539,0.4906,stable,decreasing,2020-10-14,0.2387,0.4123,Candidate crop-transition detected,crop_transition_candidate
2021_292,unburnt,1.1758,2.9055,0.5138,0.2556,decreasing,decreasing,2020-10-19,0.3675,0.3749,Candidate crop-transition detected,crop_transition_candidate
2021_293,unburnt,1.1877,2.9348,0.7482,0.5474,increasing,stable,2020-11-03,0.3085,0.4175,Candidate crop-transition detected,crop_transition_candidate
2021_294,unburnt,0.5969,1.475,0.5338,0.3246,decreasing,decreasing,2020-11-03,0.4175,0.4027,Candidate crop-transition detected,crop_transition_candidate
2021_295,unburnt,1.6409,4.0547,0.6029,0.403,decreasing,decreasing,2020-10-14,0.3537,0.3592,Candidate crop-transition detected,crop_transition_candidate
2021_296,unburnt,0.7286,1.8004,0.5159,0.2716,decreasing,decreasing,2020-10-14,0.4012,0.3682,Candidate crop-transition detected,crop_transition_candidate
2021_297,unburnt,4.6663,11.5306,0.5629,0.3528,decreasing,decreasing,2020-11-03,0.3607,0.422,Candidate crop-transition detected,crop_transition_candidate
2021_298,unburnt,0.627,1.5494,0.2575,0.0456,decreasing,decreasing,2020-10-19,0.4055,0.3303,Candidate crop-transition detected,crop_transition_candidate
2021_299,unburnt,1.8477,4.5657,0.3496,0.1389,decreasing,decreasing,2020-11-03,0.3776,0.3903,Candidate crop-transition detected,crop_transition_candidate
2021_3,completely_burnt,0.3596,0.8886,0.2258,0.0879,increasing,decreasing,2020-10-24,0.4054,0.306,Candidate crop-transition detected,crop_transition_candidate
2021_30,completely_burnt,0.1696,0.4192,0.736,0.5077,increasing,increasing,2020-11-03,0.283,0.2875,Candidate crop-transition detected,crop_transition_candidate
2021_300,unburnt,0.4809,1.1883,0.3769,0.1977,decreasing,decreasing,2020-10-14,0.3965,0.3464,Candidate crop-transition detected,crop_transition_candidate
2021_301,unburnt,1.0848,2.6806,0.6758,0.5015,decreasing,decreasing,2020-11-03,0.4186,0.3821,Candidate crop-transition detected,crop_transition_candidate
2021_302,unburnt,0.4934,1.2192,0.5552,0.4494,decreasing,decreasing,2020-11-03,0.2822,0.4702,Candidate crop-transition detected,crop_transition_candidate
2021_303,unburnt,0.7789,1.9246,0.2682,0.1355,decreasing,decreasing,2020-11-08,0.2933,0.504,Candidate crop-transition detected,crop_transition_candidate
2021_304,unburnt,1.4165,3.5002,0.5435,0.3648,decreasing,decreasing,2020-10-19,0.3963,0.3605,Candidate crop-transition detected,crop_transition_candidate
2021_305,unburnt,1.1669,2.8834,0.7457,0.5946,stable,decreasing,2020-11-03,0.2822,0.49,Candidate crop-transition detected,crop_transition_candidate
2021_306,unburnt,1.0244,2.5312,0.7894,0.6687,increasing,stable,2020-10-24,0.3188,0.4384,Candidate crop-transition detected,crop_transition_candidate
2021_307,unburnt,0.3849,0.9511,0.3547,0.1496,decreasing,decreasing,2020-11-03,0.3307,0.4133,Candidate crop-transition detected,crop_transition_candidate
2021_308,unburnt,0.4087,1.01,0.6995,0.5671,decreasing,decreasing,2020-10-24,0.3966,0.3496,Candidate crop-transition detected,crop_transition_candidate
2021_309,unburnt,0.5682,1.404,0.7115,0.5309,stable,decreasing,2020-11-03,0.3526,0.3879,Candidate crop-transition detected,crop_transition_candidate
2021_31,completely_burnt,0.5263,1.3006,0.6277,0.5865,decreasing,decreasing,2020-11-03,0.3446,0.4223,Candidate crop-transition detected,crop_transition_candidate
2021_310,unburnt,0.7557,1.8673,0.7391,0.5824,increasing,increasing,2020-10-24,0.3919,0.3169,Candidate crop-transition detected,crop_transition_candidate
2021_311,unburnt,1.0121,2.5009,0.6513,0.465,decreasing,decreasing,2020-10-19,0.3844,0.3047,Candidate crop-transition detected,crop_transition_candidate
2021_312,unburnt,1.7278,4.2695,0.6589,0.5462,decreasing,decreasing,2020-10-19,0.4787,0.2949,Candidate crop-transition detected,crop_transition_candidate
2021_313,unburnt,1.8936,4.6791,0.6222,0.5444,decreasing,decreasing,2020-11-03,0.4524,0.3406,Candidate crop-transition detected,crop_transition_candidate
2021_314,unburnt,1.5294,3.7792,0.3474,0.1209,decreasing,decreasing,2020-11-03,0.4013,0.4018,Candidate crop-transition detected,crop_transition_candidate
2021_315,unburnt,2.2727,5.6158,0.6281,0.4779,decreasing,decreasing,2020-10-24,0.4402,0.3132,Candidate crop-transition detected,crop_transition_candidate
2021_316,unburnt,0.8258,2.0405,0.6975,0.6941,decreasing,increasing,2020-10-24,0.4196,0.3293,Candidate crop-transition detected,crop_transition_candidate
2021_317,unburnt,1.6179,3.998,0.3823,0.1885,decreasing,decreasing,2020-11-03,0.3659,0.3406,Candidate crop-transition detected,crop_transition_candidate
2021_318,unburnt,0.8947,2.2108,0.4801,0.316,decreasing,decreasing,2020-11-03,0.3839,0.3805,Candidate crop-transition detected,crop_transition_candidate
2021_319,unburnt,1.3762,3.4007,0.5633,0.4014,decreasing,decreasing,2020-10-24,0.4159,0.3416,Candidate crop-transition detected,crop_transition_candidate
2021_32,completely_burnt,0.2895,0.7154,0.2774,0.0866,decreasing,decreasing,2020-11-08,0.3176,0.2774,Candidate crop-transition detected,crop_transition_candidate
2021_320,unburnt,0.5252,1.2978,0.5219,0.4829,decreasing,decreasing,2020-10-24,0.3634,0.3474,Candidate crop-transition detected,crop_transition_candidate
2021_321,unburnt,1.0615,2.6231,0.6141,0.5039,decreasing,decreasing,2020-11-03,0.4002,0.3812,Candidate crop-transition detected,crop_transition_candidate
2021_322,unburnt,0.7987,1.9737,0.716,0.5707,stable,decreasing,2020-11-03,0.399,0.376,Candidate crop-transition detected,crop_transition_candidate
2021_323,unburnt,0.3755,0.9278,0.757,0.6256,increasing,decreasing,2020-11-03,0.3814,0.3732,Candidate crop-transition detected,crop_transition_candidate
2021_324,unburnt,0.2306,0.5698,0.4361,0.2664,decreasing,decreasing,2020-11-08,0.4169,0.4632,Candidate crop-transition detected,crop_transition_candidate
2021_325,unburnt,1.011,2.4982,0.6151,0.5488,decreasing,decreasing,2020-10-19,0.2525,0.4727,Candidate crop-transition detected,crop_transition_candidate
2021_326,unburnt,0.397,0.9811,0.798,0.6503,increasing,increasing,2020-11-03,0.3612,0.3906,Candidate crop-transition detected,crop_transition_candidate
2021_327,unburnt,1.122,2.7725,0.7729,0.6763,increasing,increasing,2020-10-24,0.3523,0.2883,Candidate crop-transition detected,crop_transition_candidate
2021_328,unburnt,1.5114,3.7348,0.2241,-0.004,increasing,decreasing,2020-11-03,0.4496,0.3633,Candidate crop-transition detected,crop_transition_candidate
2021_329,unburnt,0.7524,1.8591,0.6452,0.5606,decreasing,decreasing,2020-10-24,0.2816,0.4638,Candidate crop-transition detected,crop_transition_candidate
2021_33,completely_burnt,0.2624,0.6483,0.5164,0.3969,decreasing,decreasing,2020-10-19,0.268,0.3875,Candidate crop-transition detected,crop_transition_candidate
2021_330,unburnt,0.3856,0.9528,0.5399,0.3425,decreasing,decreasing,2020-11-03,0.4022,0.3838,Candidate crop-transition detected,crop_transition_candidate
2021_331,unburnt,1.0148,2.5075,0.6685,0.5657,decreasing,decreasing,2020-11-03,0.4896,0.3677,Candidate crop-transition detected,crop_transition_candidate
2021_332,unburnt,0.3461,0.8551,0.5377,0.4433,decreasing,decreasing,2020-11-03,0.3781,0.3658,Candidate crop-transition detected,crop_transition_candidate
2021_333,unburnt,0.632,1.5617,0.2502,0.0541,decreasing,decreasing,2020-10-24,0.3308,0.3645,Candidate crop-transition detected,crop_transition_candidate
2021_334,unburnt,1.3359,3.3012,0.5615,0.4615,decreasing,decreasing,2020-10-19,0.3794,0.3623,Candidate crop-transition detected,crop_transition_candidate
2021_335,unburnt,1.5914,3.9324,0.4975,0.4051,decreasing,decreasing,2020-10-24,0.3264,0.4179,Candidate crop-transition detected,crop_transition_candidate
2021_336,unburnt,1.5836,3.913,0.5908,0.4707,decreasing,decreasing,2020-11-03,0.2594,0.4965,Candidate crop-transition detected,crop_transition_candidate
2021_337,unburnt,0.5435,1.3431,0.6489,0.5297,decreasing,decreasing,2020-10-24,0.4268,0.3156,Candidate crop-transition detected,crop_transition_candidate
2021_338,unburnt,0.2699,0.667,0.5706,0.4386,decreasing,decreasing,2020-10-24,0.4991,0.314,Candidate crop-transition detected,crop_transition_candidate
2021_339,unburnt,0.7807,1.9292,0.2836,0.0511,decreasing,decreasing,2020-11-08,0.2139,0.2373,Candidate crop-transition detected,crop_transition_candidate
2021_34,completely_burnt,0.181,0.4472,0.6572,0.6363,decreasing,decreasing,2020-11-03,0.3239,0.4483,Candidate crop-transition detected,crop_transition_candidate
2021_340,unburnt,0.6101,1.5075,0.3523,0.1641,decreasing,decreasing,2020-11-03,0.3901,0.3787,Candidate crop-transition detected,crop_transition_candidate
2021_341,unburnt,0.8059,1.9913,0.7354,0.5906,increasing,stable,2020-10-14,0.3534,0.3226,Candidate crop-transition detected,crop_transition_candidate
2021_342,unburnt,0.1422,0.3513,0.7981,0.7051,increasing,increasing,2020-11-03,0.3125,0.4161,Candidate crop-transition detected,crop_transition_candidate
2021_343,unburnt,0.1986,0.4907,0.3432,0.1036,decreasing,decreasing,2020-10-24,0.4061,0.3608,Candidate crop-transition detected,crop_transition_candidate
2021_344,unburnt,0.3081,0.7613,0.5864,0.4301,decreasing,decreasing,2020-11-03,0.3614,0.4082,Candidate crop-transition detected,crop_transition_candidate
2021_345,unburnt,0.4715,1.1651,0.324,0.0785,decreasing,decreasing,2020-11-03,0.316,0.4497,Candidate crop-transition detected,crop_transition_candidate
2021_346,unburnt,1.7319,4.2796,0.6436,0.5512,decreasing,increasing,2020-11-08,0.4607,0.3334,Candidate crop-transition detected,crop_transition_candidate
2021_347,unburnt,0.2204,0.5445,0.7441,0.5966,stable,stable,2020-11-03,0.303,0.4606,Candidate crop-transition detected,crop_transition_candidate
2021_348,unburnt,0.6959,1.7197,0.3149,0.0239,decreasing,decreasing,2020-10-24,0.4239,0.3197,Candidate crop-transition detected,crop_transition_candidate
2021_349,unburnt,0.7299,1.8037,0.5623,0.4136,decreasing,decreasing,2020-10-04,0.4714,0.3307,Candidate crop-transition detected,crop_transition_candidate
2021_35,completely_burnt,1.0875,2.6874,0.6551,0.558,decreasing,stable,2020-10-09,0.3526,0.3389,Candidate crop-transition detected,crop_transition_candidate
2021_350,unburnt,0.5494,1.3576,0.7113,0.5303,decreasing,decreasing,2020-10-24,0.3914,0.3674,Candidate crop-transition detected,crop_transition_candidate
2021_351,unburnt,0.2911,0.7192,0.3279,0.1718,decreasing,decreasing,2020-10-19,0.4024,0.352,Candidate crop-transition detected,crop_transition_candidate
2021_352,unburnt,0.8508,2.1023,0.5702,0.4064,decreasing,decreasing,2020-11-03,0.3829,0.3377,Candidate crop-transition detected,crop_transition_candidate
2021_353,unburnt,0.3789,0.9364,0.1532,-0.2073,decreasing,decreasing,,,,No significant transition detected,vegetation_declining
2021_354,unburnt,0.4066,1.0049,0.7872,0.6184,increasing,stable,,,,No significant transition detected,vegetation_growing
2021_355,unburnt,0.3507,0.8666,0.292,0.1691,decreasing,decreasing,2020-11-08,0.417,0.434,Candidate crop-transition detected,crop_transition_candidate
2021_356,unburnt,0.3533,0.873,0.271,0.0414,decreasing,decreasing,2020-10-24,0.3436,0.4079,Candidate crop-transition detected,crop_transition_candidate
2021_357,unburnt,0.3431,0.8479,0.2951,0.0548,decreasing,decreasing,2020-10-24,0.257,0.4873,Candidate crop-transition detected,crop_transition_candidate
2021_36,completely_burnt,0.88,2.1746,0.6624,0.5492,decreasing,stable,2020-10-09,0.346,0.3421,Candidate crop-transition detected,crop_transition_candidate
2021_37,completely_burnt,0.2846,0.7033,0.6808,0.5625,stable,increasing,2020-10-19,0.2537,0.4426,Candidate crop-transition detected,crop_transition_candidate
2021_38,completely_burnt,0.3867,0.9556,0.6606,0.5828,decreasing,increasing,2020-10-09,0.4402,0.2758,Candidate crop-transition detected,crop_transition_candidate
2021_39,completely_burnt,0.1116,0.2758,0.7349,0.6411,increasing,increasing,2020-10-14,0.3661,0.3388,Candidate crop-transition detected,crop_transition_candidate
2021_4,completely_burnt,0.4238,1.0472,0.2018,0.0339,increasing,decreasing,2020-11-03,0.3302,0.4638,Candidate crop-transition detected,crop_transition_candidate
2021_40,completely_burnt,0.498,1.2306,0.4227,0.2438,decreasing,decreasing,2020-10-19,0.4278,0.2934,Candidate crop-transition detected,crop_transition_candidate
2021_41,completely_burnt,1.2235,3.0234,0.6348,0.4063,decreasing,decreasing,2020-10-19,0.404,0.3262,Candidate crop-transition detected,crop_transition_candidate
2021_42,completely_burnt,0.2407,0.5948,0.6702,0.5011,decreasing,decreasing,2020-10-14,0.4146,0.3186,Candidate crop-transition detected,crop_transition_candidate
2021_43,completely_burnt,1.257,3.1062,0.243,0.0343,decreasing,decreasing,2020-10-19,0.4196,0.345,Candidate crop-transition detected,crop_transition_candidate
2021_44,completely_burnt,0.3862,0.9543,0.2928,0.1051,decreasing,decreasing,2020-11-03,0.2859,0.4779,Candidate crop-transition detected,crop_transition_candidate
2021_45,completely_burnt,0.43,1.0627,0.5058,0.4589,decreasing,decreasing,2020-10-19,0.3857,0.3824,Candidate crop-transition detected,crop_transition_candidate
2021_46,completely_burnt,0.3864,0.9548,0.4785,0.336,decreasing,decreasing,2020-11-03,0.3119,0.396,Candidate crop-transition detected,crop_transition_candidate
2021_47,completely_burnt,0.4763,1.177,0.5588,0.407,decreasing,decreasing,2020-10-19,0.3407,0.3877,Candidate crop-transition detected,crop_transition_candidate
2021_48,completely_burnt,0.5322,1.3152,0.3491,0.1405,decreasing,decreasing,2020-11-03,0.3292,0.4495,Candidate crop-transition detected,crop_transition_candidate
2021_49,completely_burnt,0.4259,1.0525,0.6288,0.5624,decreasing,stable,2020-10-19,0.3149,0.4219,Candidate crop-transition detected,crop_transition_candidate
2021_5,completely_burnt,0.4955,1.2244,0.2497,0.2277,increasing,increasing,2020-10-24,0.4465,0.3174,Candidate crop-transition detected,crop_transition_candidate
2021_50,completely_burnt,0.094,0.2323,0.5024,0.4275,decreasing,decreasing,2020-10-19,0.3068,0.3785,Candidate crop-transition detected,crop_transition_candidate
2021_51,completely_burnt,0.3892,0.9616,0.2348,0.0454,stable,decreasing,2020-11-03,0.3278,0.4064,Candidate crop-transition detected,crop_transition_candidate
2021_52,completely_burnt,0.609,1.5048,0.5974,0.4739,decreasing,decreasing,2020-10-24,0.2593,0.4157,Candidate crop-transition detected,crop_transition_candidate
2021_53,completely_burnt,0.804,1.9868,0.5539,0.4489,decreasing,decreasing,2020-10-24,0.3688,0.3299,Candidate crop-transition detected,crop_transition_candidate
2021_54,completely_burnt,0.0927,0.2291,0.3521,0.1861,decreasing,decreasing,2020-11-03,0.3901,0.3839,Candidate crop-transition detected,crop_transition_candidate
2021_55,completely_burnt,0.3281,0.8108,0.2945,0.0935,increasing,decreasing,2020-11-03,0.3646,0.3844,Candidate crop-transition detected,crop_transition_candidate
2021_56,completely_burnt,0.5593,1.382,0.2988,0.0083,decreasing,decreasing,2020-11-13,0.3837,0.3096,Candidate crop-transition detected,crop_transition_candidate
2021_57,completely_burnt,0.2738,0.6767,0.629,0.4266,decreasing,decreasing,2020-11-03,0.4129,0.3247,Candidate crop-transition detected,crop_transition_candidate
2021_58,completely_burnt,0.2489,0.6151,0.6341,0.4941,increasing,increasing,,,,No significant transition detected,burn_labeled
2021_59,completely_burnt,0.404,0.9984,0.7312,0.5741,increasing,stable,2020-11-03,0.3259,0.3538,Candidate crop-transition detected,crop_transition_candidate
2021_6,completely_burnt,0.4552,1.1249,0.26,0.0507,increasing,decreasing,2020-10-24,0.4419,0.3379,Candidate crop-transition detected,crop_transition_candidate
2021_60,completely_burnt,0.2234,0.5521,0.7045,0.5206,increasing,increasing,2020-11-08,0.3345,0.3932,Candidate crop-transition detected,crop_transition_candidate
2021_61,completely_burnt,0.3043,0.752,0.5489,0.3939,decreasing,decreasing,2020-11-08,0.4637,0.2662,Candidate crop-transition detected,crop_transition_candidate
2021_62,completely_burnt,0.3658,0.9039,0.8287,0.664,increasing,stable,2020-10-14,0.4535,0.2713,Candidate crop-transition detected,crop_transition_candidate
2021_63,completely_burnt,0.2929,0.7239,0.8007,0.6199,increasing,decreasing,2020-10-14,0.4241,0.3193,Candidate crop-transition detected,crop_transition_candidate
2021_64,completely_burnt,0.1488,0.3677,0.8397,0.6508,increasing,increasing,2020-10-19,0.4176,0.3093,Candidate crop-transition detected,crop_transition_candidate
2021_65,completely_burnt,0.9043,2.2346,0.5972,0.4271,decreasing,decreasing,2020-10-19,0.3786,0.3774,Candidate crop-transition detected,crop_transition_candidate
2021_66,completely_burnt,0.3656,0.9035,0.5605,0.3754,decreasing,decreasing,2020-10-24,0.2909,0.458,Candidate crop-transition detected,crop_transition_candidate
2021_67,completely_burnt,0.3888,0.9606,0.6536,0.4899,decreasing,decreasing,2020-10-24,0.3453,0.3775,Candidate crop-transition detected,crop_transition_candidate
2021_68,completely_burnt,0.4409,1.0896,0.6643,0.4955,decreasing,decreasing,2020-10-24,0.3508,0.3993,Candidate crop-transition detected,crop_transition_candidate
2021_69,completely_burnt,0.4431,1.0949,0.783,0.624,increasing,decreasing,2020-11-03,0.3255,0.4354,Candidate crop-transition detected,crop_transition_candidate
2021_7,completely_burnt,0.4278,1.0571,0.5409,0.4137,increasing,increasing,2020-10-24,0.2597,0.4019,Candidate crop-transition detected,crop_transition_candidate
2021_70,completely_burnt,0.2136,0.5279,0.7948,0.6454,stable,stable,2020-11-03,0.3742,0.4097,Candidate crop-transition detected,crop_transition_candidate
2021_71,completely_burnt,0.5749,1.4205,0.2615,-0.0427,decreasing,decreasing,2020-11-13,0.3856,0.3105,Candidate crop-transition detected,crop_transition_candidate
2021_72,completely_burnt,0.2286,0.5649,0.2442,0.0841,increasing,decreasing,2020-11-03,0.3381,0.3765,Candidate crop-transition detected,crop_transition_candidate
2021_73,partially_burnt,0.1657,0.4093,0.3847,0.1341,decreasing,decreasing,2020-10-24,0.3519,0.3367,Candidate crop-transition detected,crop_transition_candidate
2021_74,partially_burnt,0.7382,1.824,0.409,0.1574,decreasing,decreasing,2020-10-24,0.3614,0.3121,Candidate crop-transition detected,crop_transition_candidate
2021_75,partially_burnt,0.7568,1.87,0.6472,0.4526,stable,decreasing,2020-10-24,0.2916,0.3621,Candidate crop-transition detected,crop_transition_candidate
2021_76,partially_burnt,0.1992,0.4922,0.6534,0.4576,stable,decreasing,2020-11-03,0.3161,0.3523,Candidate crop-transition detected,crop_transition_candidate
2021_77,partially_burnt,0.9285,2.2943,0.671,0.4454,stable,decreasing,2020-11-03,0.3502,0.3404,Candidate crop-transition detected,crop_transition_candidate
2021_78,partially_burnt,0.3761,0.9294,0.2726,-0.0093,decreasing,decreasing,2020-10-24,0.3971,0.3956,Candidate crop-transition detected,crop_transition_candidate
2021_79,partially_burnt,0.1676,0.4143,0.2921,0.0324,decreasing,decreasing,2020-10-24,0.4108,0.3756,Candidate crop-transition detected,crop_transition_candidate
2021_8,completely_burnt,0.5936,1.4668,0.5884,0.4537,increasing,increasing,2020-10-24,0.2366,0.4801,Candidate crop-transition detected,crop_transition_candidate
2021_80,partially_burnt,0.2195,0.5424,0.2978,0.079,decreasing,decreasing,2020-10-24,0.4198,0.3691,Candidate crop-transition detected,crop_transition_candidate
2021_81,partially_burnt,0.442,1.0921,0.3301,0.1229,decreasing,decreasing,2020-11-03,0.3472,0.4037,Candidate crop-transition detected,crop_transition_candidate
2021_82,partially_burnt,1.3388,3.3083,0.5186,0.3307,decreasing,decreasing,2020-10-24,0.3415,0.4218,Candidate crop-transition detected,crop_transition_candidate
2021_83,partially_burnt,0.5045,1.2466,0.5821,0.5593,decreasing,decreasing,2020-10-24,0.3471,0.4231,Candidate crop-transition detected,crop_transition_candidate
2021_84,partially_burnt,0.4168,1.03,0.3191,0.1312,decreasing,decreasing,2020-11-03,0.3599,0.4254,Candidate crop-transition detected,crop_transition_candidate
2021_85,partially_burnt,0.3555,0.8784,0.5993,0.534,decreasing,decreasing,2020-10-24,0.3576,0.4062,Candidate crop-transition detected,crop_transition_candidate
2021_86,partially_burnt,0.3147,0.7777,0.6879,0.6062,stable,stable,2020-10-24,0.3226,0.3838,Candidate crop-transition detected,crop_transition_candidate
2021_87,partially_burnt,0.5389,1.3316,0.7576,0.6817,increasing,increasing,2020-10-24,0.2914,0.4396,Candidate crop-transition detected,crop_transition_candidate
2021_88,partially_burnt,0.7897,1.9514,0.3872,0.289,decreasing,decreasing,2020-10-24,0.3226,0.4442,Candidate crop-transition detected,crop_transition_candidate
2021_89,partially_burnt,0.8694,2.1483,0.235,0.0594,decreasing,decreasing,2020-11-03,0.2883,0.4478,Candidate crop-transition detected,crop_transition_candidate
2021_9,completely_burnt,0.3107,0.7679,0.3355,0.102,stable,decreasing,2020-10-24,0.4197,0.3339,Candidate crop-transition detected,crop_transition_candidate
2021_90,partially_burnt,0.7266,1.7956,0.301,0.1014,decreasing,decreasing,2020-11-03,0.3936,0.3867,Candidate crop-transition detected,crop_transition_candidate
2021_91,partially_burnt,0.6363,1.5723,0.6795,0.5995,stable,increasing,2020-10-09,0.355,0.3049,Candidate crop-transition detected,crop_transition_candidate
2021_92,partially_burnt,0.1681,0.4153,0.647,0.5308,increasing,increasing,2020-10-09,0.3399,0.2768,Candidate crop-transition detected,crop_transition_candidate
2021_93,partially_burnt,0.2978,0.7359,0.6413,0.5512,stable,increasing,2020-10-24,0.3721,0.2504,Candidate crop-transition detected,crop_transition_candidate
2021_94,partially_burnt,0.1884,0.4655,0.6491,0.5174,increasing,increasing,2020-10-24,0.3343,0.3948,Candidate crop-transition detected,crop_transition_candidate
2021_95,partially_burnt,0.4129,1.0204,0.6181,0.5018,increasing,increasing,2020-10-24,0.2657,0.3502,Candidate crop-transition detected,crop_transition_candidate
2021_96,partially_burnt,1.1345,2.8034,0.7353,0.6301,increasing,increasing,2020-10-19,0.2792,0.3989,Candidate crop-transition detected,crop_transition_candidate
2021_97,partially_burnt,0.3819,0.9437,0.5856,0.4372,decreasing,decreasing,2020-11-03,0.3371,0.4516,Candidate crop-transition detected,crop_transition_candidate
2021_98,partially_burnt,0.2402,0.5935,0.6822,0.5335,decreasing,decreasing,2020-11-03,0.329,0.4957,Candidate crop-transition detected,crop_transition_candidate
2021_99,partially_burnt,0.282,0.6967,0.675,0.5676,decreasing,decreasing,2020-10-24,0.3637,0.378,Candidate crop-transition detected,crop_transition_candidate
