field_id,peak_date,peak_ndvi,candidate_date,candidate_ndvi,decline,status
2020_1,2020-09-16,0.8875,2020-10-24,0.5719,0.3156,Candidate crop-transition detected
2020_10,2020-09-16,0.9038,2020-10-26,0.5955,0.3084,Candidate crop-transition detected
2020_11,2020-10-04,0.8816,2020-10-24,0.5639,0.3178,Candidate crop-transition detected
2020_12,2020-09-21,0.861,2020-10-21,0.5924,0.2686,Candidate crop-transition detected
2020_13,2020-09-19,0.8446,2020-09-29,0.5754,0.2692,Candidate crop-transition detected
2020_14,2020-09-16,0.9181,2020-10-24,0.6182,0.2999,Candidate crop-transition detected
2020_15,2020-09-16,0.9092,2020-10-21,0.5993,0.3099,Candidate crop-transition detected
2020_16,2020-10-04,0.9225,2020-10-26,0.6922,0.2304,Candidate crop-transition detected
2020_17,2020-09-16,0.9035,2020-10-24,0.6223,0.2812,Candidate crop-transition detected
2020_18,2020-10-04,0.8652,2020-10-24,0.5193,0.3459,Candidate crop-transition detected
2020_19,2020-09-16,0.916,2020-10-31,0.6717,0.2443,Candidate crop-transition detected
2020_2,2020-10-04,0.9042,2020-10-26,0.7017,0.2025,Candidate crop-transition detected
2020_20,2020-09-16,0.9174,2020-10-24,0.6328,0.2846,Candidate crop-transition detected
2020_21,2020-10-04,0.849,2020-10-24,0.5611,0.2879,Candidate crop-transition detected
2020_22,2020-10-04,0.8867,2020-10-24,0.6132,0.2735,Candidate crop-transition detected
2020_23,2020-09-16,0.9054,2020-10-24,0.5773,0.3281,Candidate crop-transition detected
2020_24,2020-10-04,0.8719,2020-10-26,0.5903,0.2816,Candidate crop-transition detected
2020_25,2020-10-04,0.8821,2020-10-26,0.6294,0.2527,Candidate crop-transition detected
2020_26,2020-09-21,0.8561,2020-10-24,0.5562,0.2999,Candidate crop-transition detected
2020_27,2020-10-04,0.8849,2020-10-26,0.6131,0.2718,Candidate crop-transition detected
2020_28,2020-09-16,0.883,2020-10-26,0.5974,0.2855,Candidate crop-transition detected
2020_29,2020-10-04,0.9012,2020-11-03,0.4571,0.4441,Candidate crop-transition detected
2020_3,2020-09-16,0.8967,2020-10-19,0.6264,0.2703,Candidate crop-transition detected
2020_30,2020-09-19,0.7924,2020-11-03,0.3598,0.4325,Candidate crop-transition detected
2020_31,2020-09-16,0.9409,2020-09-29,0.7196,0.2213,Candidate crop-transition detected
2020_32,2020-10-04,0.812,2020-10-19,0.5629,0.2491,Candidate crop-transition detected
2020_33,2020-10-04,0.8921,2020-10-26,0.6468,0.2454,Candidate crop-transition detected
2020_34,2020-09-21,0.839,2020-10-24,0.5461,0.2929,Candidate crop-transition detected
2020_35,2020-10-04,0.8862,2020-10-26,0.6802,0.206,Candidate crop-transition detected
2020_36,2020-09-21,0.8505,2020-10-19,0.566,0.2844,Candidate crop-transition detected
2020_37,2020-10-04,0.9381,2020-10-26,0.7314,0.2067,Candidate crop-transition detected
2020_38,2020-10-04,0.8626,2020-10-24,0.5696,0.293,Candidate crop-transition detected
2020_39,2020-09-19,0.8546,2020-11-03,0.4118,0.4428,Candidate crop-transition detected
2020_4,2020-09-16,0.9066,2020-10-26,0.6272,0.2794,Candidate crop-transition detected
2020_40,2020-10-09,0.8802,2020-11-08,0.2892,0.5909,Candidate crop-transition detected
2020_41,2020-10-04,0.9092,2020-10-26,0.6241,0.2851,Candidate crop-transition detected
2020_42,2020-10-04,0.8958,2020-10-26,0.5869,0.3089,Candidate crop-transition detected
2020_43,2020-10-04,0.8849,2020-10-24,0.5813,0.3036,Candidate crop-transition detected
2020_44,2020-10-04,0.877,2020-10-26,0.6622,0.2148,Candidate crop-transition detected
2020_45,2020-10-04,0.8733,2020-11-03,0.5013,0.372,Candidate crop-transition detected
2020_46,2020-10-04,0.9478,2020-11-03,0.5531,0.3947,Candidate crop-transition detected
2020_47,2020-09-16,0.8812,2020-10-26,0.573,0.3082,Candidate crop-transition detected
2020_48,2020-09-16,0.8713,2020-10-26,0.6011,0.2702,Candidate crop-transition detected
2020_49,2020-09-16,0.8972,2020-10-26,0.5318,0.3654,Candidate crop-transition detected
2020_5,2020-09-16,0.8822,2020-10-19,0.6044,0.2778,Candidate crop-transition detected
2020_50,2020-09-16,0.8894,2020-10-14,0.593,0.2963,Candidate crop-transition detected
2020_51,2020-09-16,0.8964,2020-10-21,0.6088,0.2876,Candidate crop-transition detected
2020_52,2020-09-16,0.8806,2020-10-14,0.6404,0.2402,Candidate crop-transition detected
2020_53,2020-09-16,0.8647,2020-10-21,0.5763,0.2884,Candidate crop-transition detected
2020_54,2020-10-04,0.8864,2020-11-03,0.4845,0.4019,Candidate crop-transition detected
2020_55,2020-10-04,0.8614,2020-10-24,0.5475,0.3139,Candidate crop-transition detected
2020_56,2020-10-04,0.8397,2020-10-24,0.5262,0.3135,Candidate crop-transition detected
2020_57,2020-09-19,0.8577,2020-10-21,0.5876,0.27,Candidate crop-transition detected
2020_58,2020-09-21,0.8472,2020-10-19,0.5863,0.2609,Candidate crop-transition detected
2020_59,2020-09-16,0.8833,2020-09-29,0.6276,0.2557,Candidate crop-transition detected
2020_6,2020-09-16,0.9281,2020-10-24,0.5818,0.3462,Candidate crop-transition detected
2020_60,2020-09-16,0.9313,2020-10-24,0.6589,0.2724,Candidate crop-transition detected
2020_61,2020-09-16,0.8752,2020-10-24,0.5621,0.3131,Candidate crop-transition detected
2020_62,2020-09-16,0.8676,2020-10-24,0.5377,0.3298,Candidate crop-transition detected
2020_63,2020-09-16,0.9132,2020-09-29,0.6719,0.2413,Candidate crop-transition detected
2020_64,2020-10-04,0.88,2020-10-26,0.5654,0.3146,Candidate crop-transition detected
2020_65,2020-10-04,0.9095,2020-10-26,0.6017,0.3079,Candidate crop-transition detected
2020_66,2020-09-21,0.8502,2020-10-24,0.5669,0.2833,Candidate crop-transition detected
2020_67,2020-09-16,0.9118,2020-10-26,0.6228,0.289,Candidate crop-transition detected
2020_68,2020-10-04,0.8691,2020-10-21,0.6002,0.269,Candidate crop-transition detected
2020_69,2020-09-16,0.9315,2020-10-24,0.6563,0.2751,Candidate crop-transition detected
2020_7,2020-09-16,0.8798,2020-10-21,0.6025,0.2773,Candidate crop-transition detected
2020_70,2020-10-04,0.7668,2020-11-08,0.4161,0.3507,Candidate crop-transition detected
2020_71,2020-10-04,0.8594,2020-11-08,0.4548,0.4046,Candidate crop-transition detected
2020_72,2020-10-21,0.7744,2020-11-08,0.4509,0.3235,Candidate crop-transition detected
2020_73,2020-10-04,0.7838,2020-11-05,0.4824,0.3014,Candidate crop-transition detected
2020_74,2020-09-16,0.7987,2020-10-06,0.5605,0.2382,Candidate crop-transition detected
2020_75,2020-10-04,0.8528,2020-11-08,0.4814,0.3714,Candidate crop-transition detected
2020_76,2020-10-04,0.8488,2020-11-05,0.582,0.2668,Candidate crop-transition detected
2020_77,2020-10-04,0.8657,2020-11-08,0.517,0.3487,Candidate crop-transition detected
2020_78,2020-10-04,0.8864,2020-11-05,0.5787,0.3078,Candidate crop-transition detected
2020_79,2020-10-21,0.7819,2020-11-08,0.4465,0.3353,Candidate crop-transition detected
2020_8,2020-09-16,0.8863,2020-10-26,0.6164,0.2699,Candidate crop-transition detected
2020_80,2020-10-21,0.7648,2020-11-08,0.4296,0.3352,Candidate crop-transition detected
2020_81,2020-09-21,0.8588,2020-09-29,0.5358,0.3231,Candidate crop-transition detected
2020_9,2020-09-16,0.8909,2020-10-24,0.561,0.3298,Candidate crop-transition detected
2021_1,2020-09-19,0.7467,2020-10-19,0.3116,0.4351,Candidate crop-transition detected
2021_10,2020-09-19,0.7708,2020-10-19,0.3331,0.4377,Candidate crop-transition detected
2021_100,2020-09-19,0.7415,2020-10-19,0.3465,0.3949,Candidate crop-transition detected
2021_101,2020-10-04,0.7463,2020-10-24,0.3673,0.379,Candidate crop-transition detected
2021_102,2020-09-19,0.6956,2020-10-14,0.354,0.3416,Candidate crop-transition detected
2021_103,2020-10-09,0.8125,2020-11-03,0.4267,0.3858,Candidate crop-transition detected
2021_104,2020-10-04,0.7524,2020-11-08,0.3172,0.4352,Candidate crop-transition detected
2021_105,2020-09-19,0.7641,2020-10-24,0.3875,0.3766,Candidate crop-transition detected
2021_106,2020-10-04,0.7651,2020-11-03,0.344,0.4211,Candidate crop-transition detected
2021_107,2020-10-04,0.76,2020-10-24,0.4442,0.3158,Candidate crop-transition detected
2021_108,2020-10-04,0.5902,2020-10-24,0.2902,0.3,Candidate crop-transition detected
2021_109,2020-09-19,0.702,2020-10-14,0.3391,0.3629,Candidate crop-transition detected
2021_11,2020-10-04,0.6641,2020-10-24,0.3466,0.3175,Candidate crop-transition detected
2021_110,2020-10-09,0.8268,2020-11-03,0.3457,0.4811,Candidate crop-transition detected
2021_111,2020-10-04,0.7014,2020-11-03,0.333,0.3684,Candidate crop-transition detected
2021_112,2020-09-19,0.6865,2020-10-14,0.3578,0.3287,Candidate crop-transition detected
2021_113,2020-10-04,0.7117,2020-10-24,0.3692,0.3425,Candidate crop-transition detected
2021_114,2020-09-19,0.7444,2020-10-19,0.3915,0.353,Candidate crop-transition detected
2021_115,2020-09-19,0.7504,2020-10-19,0.3914,0.359,Candidate crop-transition detected
2021_116,2020-10-09,0.7993,2020-11-03,0.3139,0.4854,Candidate crop-transition detected
2021_117,2020-09-19,0.7435,2020-10-24,0.3727,0.3708,Candidate crop-transition detected
2021_118,2020-09-19,0.7548,2020-10-24,0.39,0.3648,Candidate crop-transition detected
2021_119,2020-09-19,0.7312,2020-11-03,0.3504,0.3808,Candidate crop-transition detected
2021_12,2020-10-04,0.7136,2020-10-24,0.3715,0.3421,Candidate crop-transition detected
2021_120,2020-10-09,0.7712,2020-11-08,0.3718,0.3994,Candidate crop-transition detected
2021_121,2020-09-19,0.7543,2020-10-14,0.3909,0.3634,Candidate crop-transition detected
2021_122,2020-09-19,0.7023,2020-10-19,0.3425,0.3598,Candidate crop-transition detected
2021_123,2020-09-19,0.7279,2020-10-24,0.314,0.4138,Candidate crop-transition detected
2021_124,2020-09-19,0.7365,2020-10-24,0.3886,0.3479,Candidate crop-transition detected
2021_125,2020-09-19,0.7381,2020-10-19,0.4477,0.2904,Candidate crop-transition detected
2021_126,2020-09-19,0.7179,2020-11-03,0.2968,0.4211,Candidate crop-transition detected
2021_127,2020-09-19,0.6963,2020-10-19,0.4237,0.2727,Candidate crop-transition detected
2021_128,2020-09-19,0.7386,2020-11-03,0.3651,0.3735,Candidate crop-transition detected
2021_129,2020-09-19,0.6976,2020-10-14,0.3891,0.3086,Candidate crop-transition detected
2021_13,2020-10-09,0.7728,2020-11-03,0.3682,0.4046,Candidate crop-transition detected
2021_130,2020-09-19,0.6786,2020-10-19,0.3685,0.3101,Candidate crop-transition detected
2021_131,2020-09-19,0.7334,2020-10-19,0.4332,0.3002,Candidate crop-transition detected
2021_132,2020-10-14,0.7495,2020-11-08,0.4727,0.2767,Candidate crop-transition detected
2021_133,2020-10-14,0.7332,2020-11-08,0.4726,0.2606,Candidate crop-transition detected
2021_134,2020-10-14,0.7027,2020-11-13,0.3927,0.3101,Candidate crop-transition detected
2021_135,2020-12-23,0.7184,,,,No significant transition detected
2021_136,2020-10-09,0.8073,2020-11-03,0.4709,0.3365,Candidate crop-transition detected
2021_137,2020-10-09,0.6812,2020-11-08,0.2866,0.3946,Candidate crop-transition detected
2021_138,2020-10-14,0.8295,2020-11-08,0.3524,0.477,Candidate crop-transition detected
2021_139,2020-10-09,0.8174,2020-11-03,0.4618,0.3557,Candidate crop-transition detected
2021_14,2020-09-19,0.7443,2020-10-24,0.415,0.3292,Candidate crop-transition detected
2021_140,2020-09-19,0.7616,2020-10-24,0.378,0.3836,Candidate crop-transition detected
2021_141,2020-09-19,0.7961,2020-11-03,0.3583,0.4378,Candidate crop-transition detected
2021_142,2020-09-19,0.7762,2020-10-24,0.4332,0.343,Candidate crop-transition detected
2021_143,2020-09-19,0.7608,2020-10-24,0.4262,0.3346,Candidate crop-transition detected
2021_144,2020-09-19,0.7738,2020-11-03,0.3415,0.4322,Candidate crop-transition detected
2021_145,2020-09-19,0.6749,2020-10-09,0.3393,0.3355,Candidate crop-transition detected
2021_146,2020-09-19,0.7451,2020-11-03,0.3499,0.3952,Candidate crop-transition detected
2021_147,2020-09-19,0.7066,2020-10-24,0.4101,0.2965,Candidate crop-transition detected
2021_148,2020-09-19,0.6942,2020-10-19,0.3765,0.3177,Candidate crop-transition detected
2021_149,2020-09-19,0.7016,2020-10-19,0.4363,0.2654,Candidate crop-transition detected
2021_15,2020-09-19,0.6994,2020-10-24,0.3615,0.3379,Candidate crop-transition detected
2021_150,2020-09-19,0.6929,2020-10-19,0.4018,0.2911,Candidate crop-transition detected
2021_151,2020-10-09,0.754,2020-11-03,0.4257,0.3283,Candidate crop-transition detected
2021_152,2020-12-08,0.7474,,,,No significant transition detected
2021_153,2020-12-23,0.4525,,,,No significant transition detected
2021_154,2020-09-19,0.7736,2020-10-24,0.4283,0.3453,Candidate crop-transition detected
2021_155,2020-09-19,0.7645,2020-10-19,0.4393,0.3252,Candidate crop-transition detected
2021_156,2020-09-19,0.6957,2020-10-14,0.352,0.3437,Candidate crop-transition detected
2021_157,2020-09-19,0.6773,2020-10-09,0.3943,0.283,Candidate crop-transition detected
2021_158,2020-09-19,0.6636,2020-10-14,0.2965,0.3671,Candidate crop-transition detected
2021_159,2020-09-19,0.7228,2020-10-24,0.3782,0.3446,Candidate crop-transition detected
2021_16,2020-10-04,0.7682,2020-11-03,0.3571,0.4112,Candidate crop-transition detected
2021_160,2020-09-19,0.7267,2020-10-24,0.3806,0.3461,Candidate crop-transition detected
2021_161,2020-10-24,0.5774,2020-12-03,0.2087,0.3687,Candidate crop-transition detected
2021_162,2020-09-19,0.7068,2020-10-14,0.3462,0.3606,Candidate crop-transition detected
2021_163,2020-09-19,0.7468,2020-10-24,0.4351,0.3117,Candidate crop-transition detected
2021_164,2020-09-19,0.8161,2020-11-08,0.3417,0.4744,Candidate crop-transition detected
2021_165,2020-09-19,0.7003,2020-11-08,0.339,0.3614,Candidate crop-transition detected
2021_166,2020-09-19,0.6889,2020-10-14,0.3389,0.35,Candidate crop-transition detected
2021_167,2020-09-19,0.757,2020-10-14,0.3586,0.3984,Candidate crop-transition detected
2021_168,2020-09-19,0.7162,2020-10-14,0.3648,0.3513,Candidate crop-transition detected
2021_169,2020-09-19,0.6608,2020-10-09,0.3648,0.296,Candidate crop-transition detected
2021_17,2020-10-04,0.7861,2020-11-03,0.3353,0.4509,Candidate crop-transition detected
2021_170,2020-09-19,0.7532,2020-10-24,0.398,0.3552,Candidate crop-transition detected
2021_171,2020-09-19,0.7476,2020-10-24,0.3807,0.3669,Candidate crop-transition detected
2021_172,2020-09-19,0.7689,2020-10-24,0.4056,0.3633,Candidate crop-transition detected
2021_173,2020-09-19,0.6838,2020-10-19,0.4101,0.2737,Candidate crop-transition detected
2021_174,2020-10-19,0.5794,2020-11-13,0.3036,0.2758,Candidate crop-transition detected
2021_175,2020-09-19,0.745,2020-10-24,0.435,0.31,Candidate crop-transition detected
2021_176,2020-09-19,0.7718,2020-10-24,0.4892,0.2826,Candidate crop-transition detected
2021_177,2020-09-19,0.7616,2020-10-24,0.4,0.3616,Candidate crop-transition detected
2021_178,2020-12-08,0.7243,,,,No significant transition detected
2021_179,2020-09-19,0.7427,2020-10-14,0.4002,0.3424,Candidate crop-transition detected
2021_18,2020-09-19,0.6974,2020-10-14,0.3411,0.3562,Candidate crop-transition detected
2021_180,2020-09-19,0.6088,2020-10-09,0.2912,0.3176,Candidate crop-transition detected
2021_181,2020-09-19,0.6332,2020-10-09,0.3123,0.3208,Candidate crop-transition detected
2021_182,2020-09-19,0.6264,2020-10-09,0.3135,0.3129,Candidate crop-transition detected
2021_183,2020-09-19,0.6479,2020-10-09,0.3417,0.3061,Candidate crop-transition detected
2021_184,2020-09-19,0.6788,2020-10-09,0.3549,0.3238,Candidate crop-transition detected
2021_185,2020-09-19,0.7861,2020-10-24,0.3901,0.396,Candidate crop-transition detected
2021_186,2020-09-19,0.7868,2020-10-24,0.387,0.3998,Candidate crop-transition detected
2021_187,2020-09-19,0.7764,2020-10-24,0.4387,0.3377,Candidate crop-transition detected
2021_188,2020-09-19,0.7531,2020-10-24,0.4406,0.3125,Candidate crop-transition detected
2021_189,2020-09-19,0.7455,2020-10-19,0.4541,0.2914,Candidate crop-transition detected
2021_19,2020-10-04,0.8085,2020-11-03,0.333,0.4755,Candidate crop-transition detected
2021_190,2020-09-19,0.7656,2020-10-19,0.4714,0.2942,Candidate crop-transition detected
2021_191,2020-09-19,0.7647,2020-10-24,0.4255,0.3392,Candidate crop-transition detected
2021_192,2020-09-19,0.769,2020-10-24,0.4422,0.3269,Candidate crop-transition detected
2021_193,2020-10-09,0.8118,2020-11-03,0.4263,0.3856,Candidate crop-transition detected
2021_194,2020-09-19,0.6626,2020-10-19,0.3389,0.3237,Candidate crop-transition detected
2021_195,2020-10-09,0.7905,2020-10-24,0.3849,0.4056,Candidate crop-transition detected
2021_196,2020-09-19,0.7751,2020-10-19,0.4646,0.3105,Candidate crop-transition detected
2021_197,2020-09-19,0.7263,2020-10-14,0.412,0.3143,Candidate crop-transition detected
2021_198,2020-10-09,0.7304,2020-11-03,0.2821,0.4484,Candidate crop-transition detected
2021_199,2020-10-09,0.7329,2020-11-03,0.2881,0.4447,Candidate crop-transition detected
2021_2,2020-10-09,0.8961,2020-11-03,0.4829,0.4133,Candidate crop-transition detected
2021_20,2020-09-19,0.7618,2020-10-19,0.3227,0.4391,Candidate crop-transition detected
2021_200,2020-09-19,0.7537,2020-10-19,0.3525,0.4012,Candidate crop-transition detected
2021_201,2020-09-19,0.7492,2020-10-19,0.3465,0.4027,Candidate crop-transition detected
2021_202,2020-09-19,0.7556,2020-10-14,0.45,0.3055,Candidate crop-transition detected
2021_203,2020-09-19,0.7656,2020-10-19,0.3628,0.4028,Candidate crop-transition detected
2021_204,2020-09-19,0.7482,2020-10-19,0.3657,0.3825,Candidate crop-transition detected
2021_205,2020-09-19,0.7604,2020-10-19,0.3932,0.3672,Candidate crop-transition detected
2021_206,2020-09-19,0.7485,2020-10-19,0.3833,0.3652,Candidate crop-transition detected
2021_207,2020-09-19,0.7524,2020-10-24,0.2809,0.4715,Candidate crop-transition detected
2021_208,2020-09-19,0.7397,2020-10-19,0.3857,0.354,Candidate crop-transition detected
2021_209,2020-09-19,0.7398,2020-10-24,0.292,0.4478,Candidate crop-transition detected
2021_21,2020-10-04,0.7816,2020-11-03,0.326,0.4556,Candidate crop-transition detected
2021_210,2020-09-19,0.7359,2020-10-24,0.3753,0.3606,Candidate crop-transition detected
2021_211,2020-09-19,0.6757,2020-10-19,0.2783,0.3974,Candidate crop-transition detected
2021_212,2020-09-19,0.6563,2020-10-14,0.3145,0.3417,Candidate crop-transition detected
2021_213,2020-09-19,0.745,2020-10-19,0.3614,0.3836,Candidate crop-transition detected
2021_214,2020-09-19,0.6844,2020-10-19,0.3053,0.3791,Candidate crop-transition detected
2021_215,2020-09-19,0.7395,2020-10-14,0.4002,0.3392,Candidate crop-transition detected
2021_216,2020-09-19,0.7128,2020-10-14,0.382,0.3308,Candidate crop-transition detected
2021_217,2020-09-19,0.7247,2020-10-19,0.3592,0.3655,Candidate crop-transition detected
2021_218,2020-09-19,0.7435,2020-10-19,0.4074,0.3361,Candidate crop-transition detected
2021_219,2020-09-19,0.7405,2020-10-19,0.3788,0.3616,Candidate crop-transition detected
2021_22,2020-09-19,0.7123,2020-10-24,0.3517,0.3606,Candidate crop-transition detected
2021_220,2020-09-19,0.6785,2020-10-24,0.2858,0.3927,Candidate crop-transition detected
2021_221,2020-09-19,0.7614,2020-10-19,0.388,0.3734,Candidate crop-transition detected
2021_222,2020-09-19,0.7534,2020-10-24,0.3387,0.4147,Candidate crop-transition detected
2021_223,2020-09-19,0.7143,2020-10-19,0.3521,0.3623,Candidate crop-transition detected
2021_224,2020-09-19,0.7106,2020-10-24,0.2744,0.4362,Candidate crop-transition detected
2021_225,2020-09-19,0.7607,2020-11-03,0.3953,0.3654,Candidate crop-transition detected
2021_226,2020-09-19,0.7454,2020-10-24,0.3152,0.4302,Candidate crop-transition detected
2021_227,2020-09-19,0.7426,2020-10-24,0.3252,0.4174,Candidate crop-transition detected
2021_228,2020-09-19,0.7449,2020-10-19,0.4425,0.3024,Candidate crop-transition detected
2021_229,2020-09-19,0.7368,2020-10-24,0.3499,0.387,Candidate crop-transition detected
2021_23,2020-09-19,0.6893,2020-10-24,0.3616,0.3277,Candidate crop-transition detected
2021_230,2020-09-19,0.7521,2020-10-24,0.4245,0.3277,Candidate crop-transition detected
2021_231,2020-09-19,0.7446,2020-11-03,0.2509,0.4937,Candidate crop-transition detected
2021_232,2020-09-19,0.6676,2020-10-19,0.3642,0.3034,Candidate crop-transition detected
2021_233,2020-09-19,0.7388,2020-10-19,0.4127,0.3261,Candidate crop-transition detected
2021_234,2020-09-19,0.7015,2020-10-24,0.3001,0.4015,Candidate crop-transition detected
2021_235,2020-09-19,0.6976,2020-10-19,0.37,0.3276,Candidate crop-transition detected
2021_236,2020-09-19,0.7447,2020-10-24,0.3743,0.3704,Candidate crop-transition detected
2021_237,2020-09-19,0.7702,2020-10-24,0.4545,0.3157,Candidate crop-transition detected
2021_238,2020-09-19,0.6923,2020-10-19,0.337,0.3553,Candidate crop-transition detected
2021_239,2020-09-19,0.6807,2020-10-19,0.3096,0.3711,Candidate crop-transition detected
2021_24,2020-10-04,0.7742,2020-11-03,0.3316,0.4426,Candidate crop-transition detected
2021_240,2020-09-19,0.6637,2020-10-19,0.2986,0.3652,Candidate crop-transition detected
2021_241,2020-09-19,0.6982,2020-10-19,0.2946,0.4036,Candidate crop-transition detected
2021_242,2020-09-19,0.7108,2020-10-19,0.307,0.4038,Candidate crop-transition detected
2021_243,2020-09-19,0.6854,2020-10-19,0.3,0.3854,Candidate crop-transition detected
2021_244,2020-09-19,0.6973,2020-10-14,0.3642,0.3331,Candidate crop-transition detected
2021_245,2020-09-19,0.5908,2020-10-09,0.3483,0.2425,Candidate crop-transition detected
2021_246,2020-09-19,0.5458,2020-10-09,0.3167,0.2291,Candidate crop-transition detected
2021_247,2020-10-09,0.7126,2020-11-03,0.316,0.3966,Candidate crop-transition detected
2021_248,2020-09-19,0.6114,2020-10-19,0.2613,0.3501,Candidate crop-transition detected
2021_249,2020-09-19,0.7806,2020-11-03,0.3996,0.381,Candidate crop-transition detected
2021_25,2020-10-04,0.807,2020-11-03,0.4441,0.3629,Candidate crop-transition detected
2021_250,2020-09-19,0.7537,2020-10-24,0.3762,0.3775,Candidate crop-transition detected
2021_251,2020-09-19,0.7451,2020-10-24,0.3251,0.42,Candidate crop-transition detected
2021_252,2020-09-19,0.7569,2020-10-24,0.3526,0.4043,Candidate crop-transition detected
2021_253,2020-09-19,0.7774,2020-10-24,0.404,0.3734,Candidate crop-transition detected
2021_254,2020-09-19,0.7474,2020-10-19,0.4486,0.2988,Candidate crop-transition detected
2021_255,2020-09-19,0.7357,2020-10-24,0.3446,0.3911,Candidate crop-transition detected
2021_256,2020-09-19,0.7425,2020-11-03,0.3122,0.4303,Candidate crop-transition detected
2021_257,2020-09-19,0.7324,2020-10-19,0.3473,0.3851,Candidate crop-transition detected
2021_258,2020-09-19,0.7457,2020-10-19,0.3764,0.3693,Candidate crop-transition detected
2021_259,2020-09-19,0.7532,2020-10-19,0.368,0.3853,Candidate crop-transition detected
2021_26,2020-09-19,0.7765,2020-10-24,0.4131,0.3634,Candidate crop-transition detected
2021_260,2020-09-19,0.7346,2020-10-24,0.2782,0.4564,Candidate crop-transition detected
2021_261,2020-09-19,0.7432,2020-11-03,0.2857,0.4576,Candidate crop-transition detected
2021_262,2020-09-19,0.7384,2020-10-24,0.3687,0.3698,Candidate crop-transition detected
2021_263,2020-09-19,0.5831,2020-11-03,0.3259,0.2572,Candidate crop-transition detected
2021_264,2020-09-19,0.6587,2020-10-09,0.365,0.2937,Candidate crop-transition detected
2021_265,2020-09-19,0.6767,2020-10-14,0.3846,0.2921,Candidate crop-transition detected
2021_266,2020-09-19,0.6668,2020-10-19,0.2372,0.4296,Candidate crop-transition detected
2021_267,2020-09-19,0.6982,2020-10-19,0.2877,0.4104,Candidate crop-transition detected
2021_268,2020-10-09,0.7711,2020-11-08,0.3335,0.4375,Candidate crop-transition detected
2021_269,2020-09-19,0.7708,2020-10-24,0.4539,0.3169,Candidate crop-transition detected
2021_27,2020-09-19,0.7701,2020-10-24,0.3954,0.3747,Candidate crop-transition detected
2021_270,2020-09-19,0.7255,2020-10-19,0.3209,0.4046,Candidate crop-transition detected
2021_271,2020-11-13,0.4405,,,,No significant transition detected
2021_272,2020-11-13,0.425,,,,No significant transition detected
2021_273,2020-11-13,0.4411,,,,No significant transition detected
2021_274,2020-09-19,0.7107,2020-10-19,0.3129,0.3977,Candidate crop-transition detected
2021_275,2020-09-19,0.7635,2020-10-19,0.4031,0.3604,Candidate crop-transition detected
2021_276,2020-09-19,0.6805,2020-10-24,0.3496,0.3309,Candidate crop-transition detected
2021_277,2020-12-08,0.7155,,,,No significant transition detected
2021_278,2020-09-19,0.739,2020-11-08,0.3742,0.3648,Candidate crop-transition detected
2021_279,2020-09-19,0.7078,2020-10-19,0.4408,0.267,Candidate crop-transition detected
2021_28,2020-10-04,0.7882,2020-11-03,0.3185,0.4697,Candidate crop-transition detected
2021_280,2020-10-19,0.6919,2020-11-28,0.3413,0.3507,Candidate crop-transition detected
2021_281,2020-09-19,0.7423,2020-11-03,0.3296,0.4127,Candidate crop-transition detected
2021_282,2020-09-19,0.7267,2020-10-19,0.3413,0.3854,Candidate crop-transition detected
2021_283,2020-09-19,0.7579,2020-11-03,0.3766,0.3813,Candidate crop-transition detected
2021_284,2020-12-08,0.7135,,,,No significant transition detected
2021_285,2020-09-19,0.7096,2020-10-24,0.2891,0.4205,Candidate crop-transition detected
2021_286,2020-09-19,0.7809,2020-10-24,0.3968,0.384,Candidate crop-transition detected
2021_287,2020-09-19,0.7457,2020-10-19,0.3881,0.3576,Candidate crop-transition detected
2021_288,2020-09-19,0.7613,2020-10-19,0.4182,0.3432,Candidate crop-transition detected
2021_289,2020-09-19,0.7625,2020-11-03,0.2972,0.4653,Candidate crop-transition detected
2021_29,2020-09-19,0.7241,2020-10-19,0.3318,0.3923,Candidate crop-transition detected
2021_290,2020-09-19,0.749,2020-10-24,0.4069,0.3421,Candidate crop-transition detected
2021_291,2020-09-19,0.651,2020-10-14,0.2387,0.4123,Candidate crop-transition detected
2021_292,2020-09-19,0.7424,2020-10-19,0.3675,0.3749,Candidate crop-transition detected
2021_293,2020-10-09,0.726,2020-11-03,0.3085,0.4175,Candidate crop-transition detected
2021_294,2020-10-09,0.8202,2020-11-03,0.4175,0.4027,Candidate crop-transition detected
2021_295,2020-09-19,0.7129,2020-10-14,0.3537,0.3592,Candidate crop-transition detected
2021_296,2020-09-19,0.7694,2020-10-14,0.4012,0.3682,Candidate crop-transition detected
2021_297,2020-09-19,0.7827,2020-11-03,0.3607,0.422,Candidate crop-transition detected
2021_298,2020-09-19,0.7358,2020-10-19,0.4055,0.3303,Candidate crop-transition detected
2021_299,2020-09-19,0.7679,2020-11-03,0.3776,0.3903,Candidate crop-transition detected
2021_3,2020-10-04,0.7114,2020-10-24,0.4054,0.306,Candidate crop-transition detected
2021_30,2020-09-19,0.5705,2020-11-03,0.283,0.2875,Candidate crop-transition detected
2021_300,2020-09-19,0.743,2020-10-14,0.3965,0.3464,Candidate crop-transition detected
2021_301,2020-10-09,0.8007,2020-11-03,0.4186,0.3821,Candidate crop-transition detected
2021_302,2020-09-19,0.7524,2020-11-03,0.2822,0.4702,Candidate crop-transition detected
2021_303,2020-10-14,0.7973,2020-11-08,0.2933,0.504,Candidate crop-transition detected
2021_304,2020-09-19,0.7568,2020-10-19,0.3963,0.3605,Candidate crop-transition detected
2021_305,2020-10-09,0.7722,2020-11-03,0.2822,0.49,Candidate crop-transition detected
2021_306,2020-09-19,0.7573,2020-10-24,0.3188,0.4384,Candidate crop-transition detected
2021_307,2020-10-09,0.744,2020-11-03,0.3307,0.4133,Candidate crop-transition detected
2021_308,2020-09-19,0.7461,2020-10-24,0.3966,0.3496,Candidate crop-transition detected
2021_309,2020-10-09,0.7405,2020-11-03,0.3526,0.3879,Candidate crop-transition detected
2021_31,2020-09-19,0.7669,2020-11-03,0.3446,0.4223,Candidate crop-transition detected
2021_310,2020-09-19,0.7087,2020-10-24,0.3919,0.3169,Candidate crop-transition detected
2021_311,2020-09-19,0.6891,2020-10-19,0.3844,0.3047,Candidate crop-transition detected
2021_312,2020-09-19,0.7736,2020-10-19,0.4787,0.2949,Candidate crop-transition detected
2021_313,2020-10-09,0.7931,2020-11-03,0.4524,0.3406,Candidate crop-transition detected
2021_314,2020-09-19,0.8031,2020-11-03,0.4013,0.4018,Candidate crop-transition detected
2021_315,2020-10-04,0.7534,2020-10-24,0.4402,0.3132,Candidate crop-transition detected
2021_316,2020-09-19,0.749,2020-10-24,0.4196,0.3293,Candidate crop-transition detected
2021_317,2020-09-19,0.7065,2020-11-03,0.3659,0.3406,Candidate crop-transition detected
2021_318,2020-10-04,0.7644,2020-11-03,0.3839,0.3805,Candidate crop-transition detected
2021_319,2020-09-19,0.7574,2020-10-24,0.4159,0.3416,Candidate crop-transition detected
2021_32,2020-09-19,0.595,2020-11-08,0.3176,0.2774,Candidate crop-transition detected
2021_320,2020-10-04,0.7108,2020-10-24,0.3634,0.3474,Candidate crop-transition detected
2021_321,2020-10-04,0.7814,2020-11-03,0.4002,0.3812,Candidate crop-transition detected
2021_322,2020-10-04,0.775,2020-11-03,0.399,0.376,Candidate crop-transition detected
2021_323,2020-10-04,0.7545,2020-11-03,0.3814,0.3732,Candidate crop-transition detected
2021_324,2020-10-09,0.8801,2020-11-08,0.4169,0.4632,Candidate crop-transition detected
2021_325,2020-09-19,0.7251,2020-10-19,0.2525,0.4727,Candidate crop-transition detected
2021_326,2020-10-04,0.7518,2020-11-03,0.3612,0.3906,Candidate crop-transition detected
2021_327,2020-10-04,0.6406,2020-10-24,0.3523,0.2883,Candidate crop-transition detected
2021_328,2020-10-04,0.8129,2020-11-03,0.4496,0.3633,Candidate crop-transition detected
2021_329,2020-09-19,0.7454,2020-10-24,0.2816,0.4638,Candidate crop-transition detected
2021_33,2020-09-19,0.6555,2020-10-19,0.268,0.3875,Candidate crop-transition detected
2021_330,2020-09-19,0.7861,2020-11-03,0.4022,0.3838,Candidate crop-transition detected
2021_331,2020-10-09,0.8573,2020-11-03,0.4896,0.3677,Candidate crop-transition detected
2021_332,2020-09-19,0.7439,2020-11-03,0.3781,0.3658,Candidate crop-transition detected
2021_333,2020-09-19,0.6952,2020-10-24,0.3308,0.3645,Candidate crop-transition detected
2021_334,2020-09-19,0.7418,2020-10-19,0.3794,0.3623,Candidate crop-transition detected
2021_335,2020-09-19,0.7443,2020-10-24,0.3264,0.4179,Candidate crop-transition detected
2021_336,2020-10-04,0.7559,2020-11-03,0.2594,0.4965,Candidate crop-transition detected
2021_337,2020-09-19,0.7424,2020-10-24,0.4268,0.3156,Candidate crop-transition detected
2021_338,2020-09-19,0.813,2020-10-24,0.4991,0.314,Candidate crop-transition detected
2021_339,2020-09-19,0.4512,2020-11-08,0.2139,0.2373,Candidate crop-transition detected
2021_34,2020-09-19,0.7723,2020-11-03,0.3239,0.4483,Candidate crop-transition detected
2021_340,2020-09-19,0.7688,2020-11-03,0.3901,0.3787,Candidate crop-transition detected
2021_341,2020-09-19,0.676,2020-10-14,0.3534,0.3226,Candidate crop-transition detected
2021_342,2020-09-19,0.7287,2020-11-03,0.3125,0.4161,Candidate crop-transition detected
2021_343,2020-10-04,0.7669,2020-10-24,0.4061,0.3608,Candidate crop-transition detected
2021_344,2020-10-09,0.7696,2020-11-03,0.3614,0.4082,Candidate crop-transition detected
2021_345,2020-10-04,0.7657,2020-11-03,0.316,0.4497,Candidate crop-transition detected
2021_346,2020-10-09,0.7941,2020-11-08,0.4607,0.3334,Candidate crop-transition detected
2021_347,2020-10-04,0.7636,2020-11-03,0.303,0.4606,Candidate crop-transition detected
2021_348,2020-10-04,0.7436,2020-10-24,0.4239,0.3197,Candidate crop-transition detected
2021_349,2020-09-19,0.8021,2020-10-04,0.4714,0.3307,Candidate crop-transition detected
2021_35,2020-09-19,0.6916,2020-10-09,0.3526,0.3389,Candidate crop-transition detected
2021_350,2020-09-19,0.7589,2020-10-24,0.3914,0.3674,Candidate crop-transition detected
2021_351,2020-09-19,0.7544,2020-10-19,0.4024,0.352,Candidate crop-transition detected
2021_352,2020-09-19,0.7206,2020-11-03,0.3829,0.3377,Candidate crop-transition detected
2021_353,2020-12-08,0.7302,,,,No significant transition detected
2021_354,2020-12-23,0.7263,,,,No significant transition detected
2021_355,2020-10-14,0.851,2020-11-08,0.417,0.434,Candidate crop-transition detected
2021_356,2020-09-19,0.7515,2020-10-24,0.3436,0.4079,Candidate crop-transition detected
2021_357,2020-09-19,0.7443,2020-10-24,0.257,0.4873,Candidate crop-transition detected
2021_36,2020-09-19,0.6881,2020-10-09,0.346,0.3421,Candidate crop-transition detected
2021_37,2020-09-19,0.6963,2020-10-19,0.2537,0.4426,Candidate crop-transition detected
2021_38,2020-09-19,0.716,2020-10-09,0.4402,0.2758,Candidate crop-transition detected
2021_39,2020-09-19,0.7049,2020-10-14,0.3661,0.3388,Candidate crop-transition detected
2021_4,2020-10-04,0.794,2020-11-03,0.3302,0.4638,Candidate crop-transition detected
2021_40,2020-09-19,0.7213,2020-10-19,0.4278,0.2934,Candidate crop-transition detected
2021_41,2020-09-19,0.7302,2020-10-19,0.404,0.3262,Candidate crop-transition detected
2021_42,2020-09-19,0.7332,2020-10-14,0.4146,0.3186,Candidate crop-transition detected
2021_43,2020-09-19,0.7645,2020-10-19,0.4196,0.345,Candidate crop-transition detected
2021_44,2020-09-19,0.7639,2020-11-03,0.2859,0.4779,Candidate crop-transition detected
2021_45,2020-09-19,0.7681,2020-10-19,0.3857,0.3824,Candidate crop-transition detected
2021_46,2020-09-19,0.7079,2020-11-03,0.3119,0.396,Candidate crop-transition detected
2021_47,2020-09-19,0.7284,2020-10-19,0.3407,0.3877,Candidate crop-transition detected
2021_48,2020-10-04,0.7787,2020-11-03,0.3292,0.4495,Candidate crop-transition detected
2021_49,2020-09-19,0.7368,2020-10-19,0.3149,0.4219,Candidate crop-transition detected
2021_5,2020-10-04,0.7639,2020-10-24,0.4465,0.3174,Candidate crop-transition detected
2021_50,2020-09-19,0.6853,2020-10-19,0.3068,0.3785,Candidate crop-transition detected
2021_51,2020-10-04,0.7342,2020-11-03,0.3278,0.4064,Candidate crop-transition detected
2021_52,2020-09-19,0.6751,2020-10-24,0.2593,0.4157,Candidate crop-transition detected
2021_53,2020-09-19,0.6987,2020-10-24,0.3688,0.3299,Candidate crop-transition detected
2021_54,2020-10-04,0.774,2020-11-03,0.3901,0.3839,Candidate crop-transition detected
2021_55,2020-10-04,0.7489,2020-11-03,0.3646,0.3844,Candidate crop-transition detected
2021_56,2020-10-09,0.6933,2020-11-13,0.3837,0.3096,Candidate crop-transition detected
2021_57,2020-09-19,0.7377,2020-11-03,0.4129,0.3247,Candidate crop-transition detected
2021_58,2020-12-23,0.5673,,,,No significant transition detected
2021_59,2020-09-19,0.6797,2020-11-03,0.3259,0.3538,Candidate crop-transition detected
2021_6,2020-10-04,0.7798,2020-10-24,0.4419,0.3379,Candidate crop-transition detected
2021_60,2020-10-09,0.7277,2020-11-08,0.3345,0.3932,Candidate crop-transition detected
2021_61,2020-10-14,0.7299,2020-11-08,0.4637,0.2662,Candidate crop-transition detected
2021_62,2020-09-19,0.7247,2020-10-14,0.4535,0.2713,Candidate crop-transition detected
2021_63,2020-09-19,0.7434,2020-10-14,0.4241,0.3193,Candidate crop-transition detected
2021_64,2020-09-19,0.7269,2020-10-19,0.4176,0.3093,Candidate crop-transition detected
2021_65,2020-09-19,0.756,2020-10-19,0.3786,0.3774,Candidate crop-transition detected
2021_66,2020-09-19,0.7489,2020-10-24,0.2909,0.458,Candidate crop-transition detected
2021_67,2020-09-19,0.7227,2020-10-24,0.3453,0.3775,Candidate crop-transition detected
2021_68,2020-09-19,0.7501,2020-10-24,0.3508,0.3993,Candidate crop-transition detected
2021_69,2020-09-19,0.7609,2020-11-03,0.3255,0.4354,Candidate crop-transition detected
2021_7,2020-10-04,0.6616,2020-10-24,0.2597,0.4019,Candidate crop-transition detected
2021_70,2020-09-19,0.7839,2020-11-03,0.3742,0.4097,Candidate crop-transition detected
2021_71,2020-10-09,0.6961,2020-11-13,0.3856,0.3105,Candidate crop-transition detected
2021_72,2020-10-04,0.7146,2020-11-03,0.3381,0.3765,Candidate crop-transition detected
2021_73,2020-09-19,0.6887,2020-10-24,0.3519,0.3367,Candidate crop-transition detected
2021_74,2020-09-19,0.6734,2020-10-24,0.3614,0.3121,Candidate crop-transition detected
2021_75,2020-09-19,0.6537,2020-10-24,0.2916,0.3621,Candidate crop-transition detected
2021_76,2020-09-19,0.6684,2020-11-03,0.3161,0.3523,Candidate crop-transition detected
2021_77,2020-09-19,0.6907,2020-11-03,0.3502,0.3404,Candidate crop-transition detected
2021_78,2020-09-19,0.7927,2020-10-24,0.3971,0.3956,Candidate crop-transition detected
2021_79,2020-09-19,0.7864,2020-10-24,0.4108,0.3756,Candidate crop-transition detected
2021_8,2020-10-04,0.7168,2020-10-24,0.2366,0.4801,Candidate crop-transition detected
2021_80,2020-09-19,0.7888,2020-10-24,0.4198,0.3691,Candidate crop-transition detected
2021_81,2020-10-04,0.751,2020-11-03,0.3472,0.4037,Candidate crop-transition detected
2021_82,2020-09-19,0.7634,2020-10-24,0.3415,0.4218,Candidate crop-transition detected
2021_83,2020-10-04,0.7701,2020-10-24,0.3471,0.4231,Candidate crop-transition detected
2021_84,2020-10-09,0.7853,2020-11-03,0.3599,0.4254,Candidate crop-transition detected
2021_85,2020-10-04,0.7639,2020-10-24,0.3576,0.4062,Candidate crop-transition detected
2021_86,2020-09-19,0.7063,2020-10-24,0.3226,0.3838,Candidate crop-transition detected
2021_87,2020-09-19,0.731,2020-10-24,0.2914,0.4396,Candidate crop-transition detected
2021_88,2020-09-19,0.7668,2020-10-24,0.3226,0.4442,Candidate crop-transition detected
2021_89,2020-09-19,0.736,2020-11-03,0.2883,0.4478,Candidate crop-transition detected
2021_9,2020-10-04,0.7536,2020-10-24,0.4197,0.3339,Candidate crop-transition detected
2021_90,2020-10-09,0.7803,2020-11-03,0.3936,0.3867,Candidate crop-transition detected
2021_91,2020-09-19,0.6598,2020-10-09,0.355,0.3049,Candidate crop-transition detected
2021_92,2020-09-19,0.6167,2020-10-09,0.3399,0.2768,Candidate crop-transition detected
2021_93,2020-09-19,0.6225,2020-10-24,0.3721,0.2504,Candidate crop-transition detected
2021_94,2020-10-04,0.7291,2020-10-24,0.3343,0.3948,Candidate crop-transition detected
2021_95,2020-10-04,0.6159,2020-10-24,0.2657,0.3502,Candidate crop-transition detected
2021_96,2020-09-19,0.6781,2020-10-19,0.2792,0.3989,Candidate crop-transition detected
2021_97,2020-10-04,0.7887,2020-11-03,0.3371,0.4516,Candidate crop-transition detected
2021_98,2020-10-09,0.8247,2020-11-03,0.329,0.4957,Candidate crop-transition detected
2021_99,2020-09-19,0.7418,2020-10-24,0.3637,0.378,Candidate crop-transition detected
