B11,B12,B2,B3,B4,B8,NBR,NDVI,field_category,field_id,field_name,label,source_file
,,,,,,,,completely_burnt,1,Complete_1,2.0,partially_completely_burnt_2020_11_10.geojson
,,,,,,,,completely_burnt,2,Complete_2,2.0,partially_completely_burnt_2020_11_10.geojson
0.2258871315192744,0.16490544217687078,0.08101740362811793,0.10220221088435377,0.12195646258503405,0.25436541950113384,0.21352372108212403,0.35181178066190444,completely_burnt,3,Complete_3,2.0,partially_completely_burnt_2020_11_10.geojson
0.21393831562974205,0.1494814871016692,0.07307860394537177,0.0998836115326252,0.11251866464339909,0.25763232169954475,0.26611572197935646,0.39201855664143226,completely_burnt,4,Complete_4,2.0,partially_completely_burnt_2020_11_10.geojson
0.19081871988988303,0.12921944253269096,0.0683584308327598,0.09488723331039228,0.10920557467309017,0.2187644184445974,0.2572035464458155,0.3341797888465213,completely_burnt,5,Complete_5,2.0,partially_completely_burnt_2020_11_10.geojson
,,,,,,,,completely_burnt,6,Complete_6,2.0,partially_completely_burnt_2020_11_10.geojson
0.18953913683178036,0.12761248160863173,0.05998462481608633,0.08377064737616478,0.08118989700833744,0.2391304070622855,0.3039117556331146,0.4929541115530307,completely_burnt,7,Complete_7,2.0,partially_completely_burnt_2020_11_10.geojson
0.18912392120075044,0.10994371482176359,0.0547279549718574,0.07986963727329581,0.07018852407754847,0.26797285803627263,0.41828062454984183,0.5850214618533666,completely_burnt,8,Complete_8,2.0,partially_completely_burnt_2020_11_10.geojson
0.18972796271637818,0.125634620505992,0.06393129161118509,0.08675472703062583,0.08380639147802929,0.2626480692410121,0.3530070204205843,0.5161591317230321,completely_burnt,9,Complete_9,2.0,partially_completely_burnt_2020_11_10.geojson
0.22300327324478178,0.1507168406072106,0.07494278937381402,0.10445725806451611,0.1188251423149905,0.2572364326375711,0.2610439047224457,0.3679920393369468,completely_burnt,10,Complete_10,2.0,partially_completely_burnt_2020_11_10.geojson
,,,,,,,,completely_burnt,11,Complete_11,2.0,partially_completely_burnt_2020_11_10.geojson
,,,,,,,,completely_burnt,12,Complete_12,2.0,partially_completely_burnt_2020_11_10.geojson
,,,,,,,,completely_burnt,13,Complete_13,2.0,partially_completely_burnt_2020_11_10.geojson
,,,,,,,,completely_burnt,14,Complete_14,2.0,partially_completely_burnt_2020_11_10.geojson
,,,,,,,,completely_burnt,15,Complete_15,2.0,partially_completely_burnt_2020_11_10.geojson
0.20539578792958926,0.12393621123218777,0.07915970243084662,0.10475450544844929,0.11570276613579213,0.26391186085498736,0.36102913928049574,0.39097613451724894,completely_burnt,16,Complete_16,2.0,partially_completely_burnt_2020_11_10.geojson
,,,,,,,,completely_burnt,17,Complete_17,2.0,partially_completely_burnt_2020_11_10.geojson
,,,,,,,,completely_burnt,18,Complete_18,2.0,partially_completely_burnt_2020_11_10.geojson
,,,,,,,,partially_burnt,19,partial_1,1.0,partially_completely_burnt_2020_11_10.geojson
,,,,,,,,partially_burnt,20,partial_2,1.0,partially_completely_burnt_2020_11_10.geojson
,,,,,,,,partially_burnt,21,partial_3,1.0,partially_completely_burnt_2020_11_10.geojson
,,,,,,,,partially_burnt,22,partial_4,1.0,partially_completely_burnt_2020_11_10.geojson
,,,,,,,,partially_burnt,23,partial_5,1.0,partially_completely_burnt_2020_11_10.geojson
0.213430349013657,0.14798869499241274,0.06542018209408193,0.09451881638846737,0.09207321699544764,0.28677670713201814,0.31922885661668504,0.5139244985492448,partially_burnt,24,partial_6,1.0,partially_completely_burnt_2020_11_10.geojson
,,,,,,,,partially_burnt,25,partial_7,1.0,partially_completely_burnt_2020_11_10.geojson
,,,,,,,,partially_burnt,26,partial_8,1.0,partially_completely_burnt_2020_11_10.geojson
,,,,,,,,partially_burnt,27,partial_9,1.0,partially_completely_burnt_2020_11_10.geojson
,,,,,,,,partially_burnt,28,partial_10,1.0,partially_completely_burnt_2020_11_10.geojson
,,,,,,,,partially_burnt,29,partial_11,1.0,partially_completely_burnt_2020_11_10.geojson
,,,,,,,,partially_burnt,30,partial_12,1.0,partially_completely_burnt_2020_11_10.geojson
,,,,,,,,partially_burnt,31,partial_13,1.0,partially_completely_burnt_2020_11_10.geojson
,,,,,,,,partially_burnt,32,partial_14,1.0,partially_completely_burnt_2020_11_10.geojson
,,,,,,,,partially_burnt,33,partial_15,1.0,partially_completely_burnt_2020_11_10.geojson
,,,,,,,,partially_burnt,34,partial_16,1.0,partially_completely_burnt_2020_11_10.geojson
,,,,,,,,partially_burnt,35,partial_17,1.0,partially_completely_burnt_2020_11_10.geojson
0.21186971428571424,0.1472022857142857,0.07476171428571426,0.09996057142857143,0.11017028571428569,0.2282582857142857,0.21583079448067036,0.3488876349306803,partially_burnt,36,partial_18,1.0,partially_completely_burnt_2020_11_10.geojson
,,,,,,,,partially_burnt,37,partial_19,1.0,partially_completely_burnt_2020_11_10.geojson
,,,,,,,,partially_burnt,38,partial_20,1.0,partially_completely_burnt_2020_11_10.geojson
,,,,,,,,partially_burnt,39,partial_21,1.0,partially_completely_burnt_2020_11_10.geojson
,,,,,,,,partially_burnt,40,partial_22,1.0,partially_completely_burnt_2020_11_10.geojson
0.22899102564102564,0.1770320512820513,0.06823846153846155,0.09360641025641027,0.11913589743589745,0.2102564102564103,0.08529745643786893,0.27668825779356127,partially_burnt,41,partial_23,1.0,partially_completely_burnt_2020_11_10.geojson
0.19347057057057054,0.11529654654654656,0.07479654654654655,0.09629339339339339,0.10062582582582584,0.2506381381381381,0.36983046887120385,0.4273484483181335,partially_burnt,42,partial_24,1.0,partially_completely_burnt_2020_11_10.geojson
,,,,,,,,partially_burnt,43,partial_25,1.0,partially_completely_burnt_2020_11_10.geojson
,,,,,,,,partially_burnt,44,partial_26,1.0,partially_completely_burnt_2020_11_10.geojson
0.22078955223880598,0.16022089552238805,0.07766940298507463,0.10776753731343282,0.12443694029850744,0.24589440298507462,0.21098287437997088,0.32800488588415894,partially_burnt,45,partial_27,1.0,partially_completely_burnt_2020_11_10.geojson
0.18698321917808222,0.10414520547945208,0.060688698630137,0.08583047945205481,0.08262876712328766,0.2593041095890411,0.42689442574713093,0.5167213225393451,partially_burnt,46,partial_28,1.0,partially_completely_burnt_2020_11_10.geojson
0.19145506329113923,0.13492088607594938,0.07022341772151898,0.0978873417721519,0.10549746835443038,0.25725822784810126,0.3119573669395576,0.41831178288142784,partially_burnt,47,partial_29,1.0,partially_completely_burnt_2020_11_10.geojson
0.18361781250000003,0.12309937500000002,0.061026562500000006,0.090889375,0.09230937500000001,0.252768125,0.3452465821132814,0.4650216622240396,partially_burnt,48,partial_30,1.0,partially_completely_burnt_2020_11_10.geojson
0.18179801762114536,0.11139196035242291,0.05917544052863436,0.08565132158590308,0.07533843612334802,0.24933667400881057,0.38238465611666334,0.5358544184255254,partially_burnt,49,partial_31,1.0,partially_completely_burnt_2020_11_10.geojson
,,,,,,,,partially_burnt,50,partial_32,1.0,partially_completely_burnt_2020_11_10.geojson
,,,,,,,,partially_burnt,51,partial_33,1.0,partially_completely_burnt_2020_11_10.geojson
,,,,,,,,partially_burnt,52,partial_34,1.0,partially_completely_burnt_2020_11_10.geojson
,,,,,,,,partially_burnt,53,partial_35,1.0,partially_completely_burnt_2020_11_10.geojson
,,,,,,,,partially_burnt,54,partial_36,1.0,partially_completely_burnt_2020_11_10.geojson
0.21167232182877638,0.17731445540116542,0.07189854325414613,0.09998955625280143,0.10332476467951593,0.2599561183325863,0.19032889314490584,0.431350840016424,partially_burnt,55,partial_37,1.0,partially_completely_burnt_2020_11_10.geojson
,,,,,,,,partially_burnt,56,partial_38,1.0,partially_completely_burnt_2020_11_10.geojson
,,,,,,,,golden_yellow_unburnt,57,golden-yellow_1,,partially_completely_burnt_2020_11_10.geojson
,,,,,,,,golden_yellow_unburnt,58,golden-yellow_2,,partially_completely_burnt_2020_11_10.geojson
,,,,,,,,golden_yellow_unburnt,59,golden-yellow_3,,partially_completely_burnt_2020_11_10.geojson
,,,,,,,,golden_yellow_unburnt,60,golden-yellow_4,,partially_completely_burnt_2020_11_10.geojson
,,,,,,,,golden_yellow_unburnt,61,golden-yellow_5,,partially_completely_burnt_2020_11_10.geojson
,,,,,,,,golden_yellow_unburnt,62,golden-yellow_6,,partially_completely_burnt_2020_11_10.geojson
,,,,,,,,golden_yellow_unburnt,63,golden-yellow_7,,partially_completely_burnt_2020_11_10.geojson
,,,,,,,,golden_yellow_unburnt,64,golden-yellow_8,,partially_completely_burnt_2020_11_10.geojson
,,,,,,,,golden_yellow_unburnt,65,golden-yellow_9,,partially_completely_burnt_2020_11_10.geojson
,,,,,,,,golden_yellow_unburnt,66,golden-yellow_10,,partially_completely_burnt_2020_11_10.geojson
,,,,,,,,golden_yellow_unburnt,67,golden-yellow_11,,partially_completely_burnt_2020_11_10.geojson
,,,,,,,,golden_yellow_unburnt,68,golden-yellow_12,,partially_completely_burnt_2020_11_10.geojson
,,,,,,,,golden_yellow_unburnt,69,golden-yellow_13,,partially_completely_burnt_2020_11_10.geojson
0.18435241175180872,0.1300855185266389,0.057358397281297956,0.08761488708616531,0.08329549440912079,0.23214115325586498,0.28251980354273987,0.471923660570173,green_unburnt,70,green_1,,partially_completely_burnt_2020_11_10.geojson
0.17443819425811646,0.11729036758787231,0.05788614166890261,0.08991210088543064,0.0841407566407298,0.24142972900456133,0.3461332638693311,0.48311475916030044,green_unburnt,71,green_2,,partially_completely_burnt_2020_11_10.geojson
0.2811629216779114,0.23809998533294227,0.09390976826048694,0.1251029920797888,0.1583267233792901,0.26625309474919323,0.05618503269146152,0.2544217784132043,green_unburnt,72,green_3,,partially_completely_burnt_2020_11_10.geojson
0.21657717830352002,0.182062319676861,0.07876967686093482,0.10329611944604736,0.11769287362954418,0.22569884593191006,0.10705043866068133,0.3143742606101053,green_unburnt,73,green_4,,partially_completely_burnt_2020_11_10.geojson
0.21893898071625345,0.15486212121212117,0.06829573002754821,0.09493415977961431,0.10567272727272727,0.250130303030303,0.23489970661046516,0.40557578792613885,green_unburnt,74,green_5,,partially_completely_burnt_2020_11_10.geojson
0.22417684080625258,0.17081125051419166,0.06580265322912382,0.10242865076100371,0.10310945084327433,0.2407462361168243,0.1694510143543224,0.3996624209526155,green_unburnt,75,green_6,,partially_completely_burnt_2020_11_10.geojson
0.22791510453579028,0.1783173724309001,0.07807260807937634,0.10701611445783134,0.12507581502480514,0.2441465450035436,0.15635214816719328,0.32271641319755495,green_unburnt,76,green_7,,partially_completely_burnt_2020_11_10.geojson
0.19316643468950742,0.1526823072805139,0.06580867237687364,0.08724162205567451,0.09488289614561027,0.2429377944325481,0.22980992427701416,0.4381342229212655,green_unburnt,77,green_8,,partially_completely_burnt_2020_11_10.geojson
0.20277534142640363,0.16292355842185133,0.07151589529590288,0.09585690440060697,0.10922867981790592,0.2784887708649469,0.26165008922346344,0.4364541059416572,green_unburnt,78,green_9,,partially_completely_burnt_2020_11_10.geojson
0.20501059981684985,0.13406346916971915,0.0684322496947497,0.09220425061050061,0.10049939713064711,0.2462111950549451,0.29578075718810676,0.4204935183516707,green_unburnt,79,green_10,,partially_completely_burnt_2020_11_10.geojson
0.20654783649420003,0.1722263579451298,0.0704197477444301,0.09563949548886026,0.10829213772785859,0.24681410421653474,0.17799625621924514,0.3902336333374073,green_unburnt,80,green_11,,partially_completely_burnt_2020_11_10.geojson
0.20827456140350878,0.17510307017543858,0.07407499999999999,0.09942719298245613,0.10801491228070176,0.25581315789473685,0.1879580174378621,0.40624759580165376,green_unburnt,81,green_12,,partially_completely_burnt_2020_11_10.geojson
,,,,,,,,completely_burnt,1,complete_1,2.0,partially_completely_burnt_2021_10_29.geojson
,,,,,,,,completely_burnt,2,complete_2,2.0,partially_completely_burnt_2021_10_29.geojson
,,,,,,,,completely_burnt,3,complete_3,2.0,partially_completely_burnt_2021_10_29.geojson
,,,,,,,,completely_burnt,4,complete_4,2.0,partially_completely_burnt_2021_10_29.geojson
,,,,,,,,completely_burnt,5,complete_5,2.0,partially_completely_burnt_2021_10_29.geojson
,,,,,,,,completely_burnt,6,complete_6,2.0,partially_completely_burnt_2021_10_29.geojson
,,,,,,,,completely_burnt,7,complete_7,2.0,partially_completely_burnt_2021_10_29.geojson
,,,,,,,,completely_burnt,8,complete_8,2.0,partially_completely_burnt_2021_10_29.geojson
,,,,,,,,completely_burnt,9,complete_9,2.0,partially_completely_burnt_2021_10_29.geojson
,,,,,,,,completely_burnt,10,complete_10,2.0,partially_completely_burnt_2021_10_29.geojson
,,,,,,,,completely_burnt,11,complete_11,2.0,partially_completely_burnt_2021_10_29.geojson
,,,,,,,,completely_burnt,12,complete_12,2.0,partially_completely_burnt_2021_10_29.geojson
,,,,,,,,completely_burnt,13,complete_13,2.0,partially_completely_burnt_2021_10_29.geojson
,,,,,,,,completely_burnt,14,complete_14,2.0,partially_completely_burnt_2021_10_29.geojson
,,,,,,,,completely_burnt,15,complete_15,2.0,partially_completely_burnt_2021_10_29.geojson
,,,,,,,,completely_burnt,16,complete_16,2.0,partially_completely_burnt_2021_10_29.geojson
,,,,,,,,completely_burnt,17,complete_17,2.0,partially_completely_burnt_2021_10_29.geojson
,,,,,,,,completely_burnt,18,complete_18,2.0,partially_completely_burnt_2021_10_29.geojson
,,,,,,,,completely_burnt,19,complete_19,2.0,partially_completely_burnt_2021_10_29.geojson
,,,,,,,,completely_burnt,20,complete_20,2.0,partially_completely_burnt_2021_10_29.geojson
,,,,,,,,completely_burnt,21,complete_21,2.0,partially_completely_burnt_2021_10_29.geojson
,,,,,,,,completely_burnt,22,complete_22,2.0,partially_completely_burnt_2021_10_29.geojson
,,,,,,,,completely_burnt,23,complete_23,2.0,partially_completely_burnt_2021_10_29.geojson
,,,,,,,,completely_burnt,24,complete_24,2.0,partially_completely_burnt_2021_10_29.geojson
,,,,,,,,completely_burnt,25,complete_25,2.0,partially_completely_burnt_2021_10_29.geojson
,,,,,,,,completely_burnt,26,complete_26,2.0,partially_completely_burnt_2021_10_29.geojson
,,,,,,,,completely_burnt,27,complete_27,2.0,partially_completely_burnt_2021_10_29.geojson
,,,,,,,,completely_burnt,28,complete_28,2.0,partially_completely_burnt_2021_10_29.geojson
,,,,,,,,completely_burnt,29,complete_29,2.0,partially_completely_burnt_2021_10_29.geojson
,,,,,,,,completely_burnt,30,complete_30,2.0,partially_completely_burnt_2021_10_29.geojson
,,,,,,,,completely_burnt,31,complete_31,2.0,partially_completely_burnt_2021_10_29.geojson
,,,,,,,,completely_burnt,32,complete_32,2.0,partially_completely_burnt_2021_10_29.geojson
,,,,,,,,completely_burnt,33,complete_33,2.0,partially_completely_burnt_2021_10_29.geojson
,,,,,,,,completely_burnt,34,complete_34,2.0,partially_completely_burnt_2021_10_29.geojson
,,,,,,,,completely_burnt,35,complete_35,2.0,partially_completely_burnt_2021_10_29.geojson
,,,,,,,,completely_burnt,36,complete_36,2.0,partially_completely_burnt_2021_10_29.geojson
,,,,,,,,completely_burnt,37,complete_37,2.0,partially_completely_burnt_2021_10_29.geojson
,,,,,,,,completely_burnt,38,complete_38,2.0,partially_completely_burnt_2021_10_29.geojson
,,,,,,,,completely_burnt,39,complete_39,2.0,partially_completely_burnt_2021_10_29.geojson
,,,,,,,,completely_burnt,40,complete_40,2.0,partially_completely_burnt_2021_10_29.geojson
,,,,,,,,completely_burnt,41,complete_41,2.0,partially_completely_burnt_2021_10_29.geojson
,,,,,,,,completely_burnt,42,complete_42,2.0,partially_completely_burnt_2021_10_29.geojson
,,,,,,,,completely_burnt,43,complete_43,2.0,partially_completely_burnt_2021_10_29.geojson
,,,,,,,,completely_burnt,44,complete_44,2.0,partially_completely_burnt_2021_10_29.geojson
,,,,,,,,completely_burnt,45,complete_45,2.0,partially_completely_burnt_2021_10_29.geojson
,,,,,,,,completely_burnt,46,complete_46,2.0,partially_completely_burnt_2021_10_29.geojson
,,,,,,,,completely_burnt,47,complete_47,2.0,partially_completely_burnt_2021_10_29.geojson
,,,,,,,,completely_burnt,48,complete_48,2.0,partially_completely_burnt_2021_10_29.geojson
,,,,,,,,completely_burnt,49,complete_49,2.0,partially_completely_burnt_2021_10_29.geojson
,,,,,,,,completely_burnt,50,complete_50,2.0,partially_completely_burnt_2021_10_29.geojson
,,,,,,,,completely_burnt,51,complete_51,2.0,partially_completely_burnt_2021_10_29.geojson
,,,,,,,,completely_burnt,52,complete_52,2.0,partially_completely_burnt_2021_10_29.geojson
,,,,,,,,completely_burnt,53,complete_53,2.0,partially_completely_burnt_2021_10_29.geojson
,,,,,,,,completely_burnt,54,complete_54,2.0,partially_completely_burnt_2021_10_29.geojson
,,,,,,,,completely_burnt,55,complete_55,2.0,partially_completely_burnt_2021_10_29.geojson
,,,,,,,,completely_burnt,56,complete_56,2.0,partially_completely_burnt_2021_10_29.geojson
,,,,,,,,completely_burnt,57,complete_57,2.0,partially_completely_burnt_2021_10_29.geojson
,,,,,,,,completely_burnt,58,complete_58,2.0,partially_completely_burnt_2021_10_29.geojson
,,,,,,,,completely_burnt,59,complete_59,2.0,partially_completely_burnt_2021_10_29.geojson
,,,,,,,,completely_burnt,60,complete_60,2.0,partially_completely_burnt_2021_10_29.geojson
,,,,,,,,completely_burnt,61,complete_61,2.0,partially_completely_burnt_2021_10_29.geojson
,,,,,,,,completely_burnt,62,complete_62,2.0,partially_completely_burnt_2021_10_29.geojson
,,,,,,,,completely_burnt,63,complete_63,2.0,partially_completely_burnt_2021_10_29.geojson
,,,,,,,,completely_burnt,64,complete_64,2.0,partially_completely_burnt_2021_10_29.geojson
,,,,,,,,completely_burnt,65,complete_65,2.0,partially_completely_burnt_2021_10_29.geojson
,,,,,,,,completely_burnt,66,complete_66,2.0,partially_completely_burnt_2021_10_29.geojson
,,,,,,,,completely_burnt,67,complete_67,2.0,partially_completely_burnt_2021_10_29.geojson
,,,,,,,,completely_burnt,68,complete_68,2.0,partially_completely_burnt_2021_10_29.geojson
,,,,,,,,completely_burnt,69,complete_69,2.0,partially_completely_burnt_2021_10_29.geojson
,,,,,,,,completely_burnt,70,complete_70,2.0,partially_completely_burnt_2021_10_29.geojson
,,,,,,,,completely_burnt,71,complete_71,2.0,partially_completely_burnt_2021_10_29.geojson
,,,,,,,,completely_burnt,72,complete_72,2.0,partially_completely_burnt_2021_10_29.geojson
,,,,,,,,partially_burnt,73,partial_1,1.0,partially_completely_burnt_2021_10_29.geojson
,,,,,,,,partially_burnt,74,partial_2,1.0,partially_completely_burnt_2021_10_29.geojson
,,,,,,,,partially_burnt,75,partial_3,1.0,partially_completely_burnt_2021_10_29.geojson
,,,,,,,,partially_burnt,76,partial_4,1.0,partially_completely_burnt_2021_10_29.geojson
,,,,,,,,partially_burnt,77,partial_5,1.0,partially_completely_burnt_2021_10_29.geojson
,,,,,,,,partially_burnt,78,partial_6,1.0,partially_completely_burnt_2021_10_29.geojson
,,,,,,,,partially_burnt,79,partial_7,1.0,partially_completely_burnt_2021_10_29.geojson
,,,,,,,,partially_burnt,80,partial_8,1.0,partially_completely_burnt_2021_10_29.geojson
,,,,,,,,partially_burnt,81,partial_9,1.0,partially_completely_burnt_2021_10_29.geojson
,,,,,,,,partially_burnt,82,partial_10,1.0,partially_completely_burnt_2021_10_29.geojson
,,,,,,,,partially_burnt,83,partial_11,1.0,partially_completely_burnt_2021_10_29.geojson
,,,,,,,,partially_burnt,84,partial_12,1.0,partially_completely_burnt_2021_10_29.geojson
,,,,,,,,partially_burnt,85,partial_13,1.0,partially_completely_burnt_2021_10_29.geojson
,,,,,,,,partially_burnt,86,partial_14,1.0,partially_completely_burnt_2021_10_29.geojson
,,,,,,,,partially_burnt,87,partial_15,1.0,partially_completely_burnt_2021_10_29.geojson
,,,,,,,,partially_burnt,88,partial_16,1.0,partially_completely_burnt_2021_10_29.geojson
,,,,,,,,partially_burnt,89,partial_17,1.0,partially_completely_burnt_2021_10_29.geojson
,,,,,,,,partially_burnt,90,partial_18,1.0,partially_completely_burnt_2021_10_29.geojson
,,,,,,,,partially_burnt,91,partial_19,1.0,partially_completely_burnt_2021_10_29.geojson
,,,,,,,,partially_burnt,92,partial_20,1.0,partially_completely_burnt_2021_10_29.geojson
,,,,,,,,partially_burnt,93,partial_21,1.0,partially_completely_burnt_2021_10_29.geojson
,,,,,,,,partially_burnt,94,partial_22,1.0,partially_completely_burnt_2021_10_29.geojson
,,,,,,,,partially_burnt,95,partial_23,1.0,partially_completely_burnt_2021_10_29.geojson
,,,,,,,,partially_burnt,96,partial_24,1.0,partially_completely_burnt_2021_10_29.geojson
,,,,,,,,partially_burnt,97,partial_25,1.0,partially_completely_burnt_2021_10_29.geojson
,,,,,,,,partially_burnt,98,partial_26,1.0,partially_completely_burnt_2021_10_29.geojson
,,,,,,,,partially_burnt,99,partial_27,1.0,partially_completely_burnt_2021_10_29.geojson
,,,,,,,,partially_burnt,100,partial_28,1.0,partially_completely_burnt_2021_10_29.geojson
,,,,,,,,partially_burnt,101,partial_29,1.0,partially_completely_burnt_2021_10_29.geojson
,,,,,,,,partially_burnt,102,partial_30,1.0,partially_completely_burnt_2021_10_29.geojson
,,,,,,,,partially_burnt,103,partial_31,1.0,partially_completely_burnt_2021_10_29.geojson
,,,,,,,,partially_burnt,104,partial_32,1.0,partially_completely_burnt_2021_10_29.geojson
,,,,,,,,partially_burnt,105,partial_33,1.0,partially_completely_burnt_2021_10_29.geojson
,,,,,,,,partially_burnt,106,partial_34,1.0,partially_completely_burnt_2021_10_29.geojson
,,,,,,,,partially_burnt,107,partial_35,1.0,partially_completely_burnt_2021_10_29.geojson
,,,,,,,,partially_burnt,108,partial_36,1.0,partially_completely_burnt_2021_10_29.geojson
,,,,,,,,partially_burnt,109,partial_37,1.0,partially_completely_burnt_2021_10_29.geojson
,,,,,,,,partially_burnt,110,partial_38,1.0,partially_completely_burnt_2021_10_29.geojson
,,,,,,,,partially_burnt,111,partial_39,1.0,partially_completely_burnt_2021_10_29.geojson
,,,,,,,,partially_burnt,112,partial_40,1.0,partially_completely_burnt_2021_10_29.geojson
,,,,,,,,partially_burnt,113,partial_41,1.0,partially_completely_burnt_2021_10_29.geojson
,,,,,,,,partially_burnt,114,partial_42,1.0,partially_completely_burnt_2021_10_29.geojson
,,,,,,,,partially_burnt,115,partial_43,1.0,partially_completely_burnt_2021_10_29.geojson
,,,,,,,,partially_burnt,116,partial_44,1.0,partially_completely_burnt_2021_10_29.geojson
,,,,,,,,partially_burnt,117,partial_45,1.0,partially_completely_burnt_2021_10_29.geojson
,,,,,,,,partially_burnt,118,partial_46,1.0,partially_completely_burnt_2021_10_29.geojson
,,,,,,,,partially_burnt,119,partial_47,1.0,partially_completely_burnt_2021_10_29.geojson
,,,,,,,,partially_burnt,120,partial_48,1.0,partially_completely_burnt_2021_10_29.geojson
,,,,,,,,partially_burnt,121,partial_49,1.0,partially_completely_burnt_2021_10_29.geojson
,,,,,,,,partially_burnt,122,partial_50,1.0,partially_completely_burnt_2021_10_29.geojson
,,,,,,,,partially_burnt,123,partial_51,1.0,partially_completely_burnt_2021_10_29.geojson
,,,,,,,,partially_burnt,124,partial_52,1.0,partially_completely_burnt_2021_10_29.geojson
,,,,,,,,partially_burnt,125,partial_53,1.0,partially_completely_burnt_2021_10_29.geojson
,,,,,,,,partially_burnt,126,partial_54,1.0,partially_completely_burnt_2021_10_29.geojson
,,,,,,,,partially_burnt,127,partial_55,1.0,partially_completely_burnt_2021_10_29.geojson
,,,,,,,,partially_burnt,128,partial_56,1.0,partially_completely_burnt_2021_10_29.geojson
,,,,,,,,partially_burnt,129,partial_57,1.0,partially_completely_burnt_2021_10_29.geojson
,,,,,,,,partially_burnt,130,partial_58,1.0,partially_completely_burnt_2021_10_29.geojson
,,,,,,,,partially_burnt,131,partial_59,1.0,partially_completely_burnt_2021_10_29.geojson
,,,,,,,,partially_burnt,132,partial_60,1.0,partially_completely_burnt_2021_10_29.geojson
,,,,,,,,partially_burnt,133,partial_61,1.0,partially_completely_burnt_2021_10_29.geojson
,,,,,,,,partially_burnt,134,partial_62,1.0,partially_completely_burnt_2021_10_29.geojson
,,,,,,,,partially_burnt,135,partial_63,1.0,partially_completely_burnt_2021_10_29.geojson
,,,,,,,,partially_burnt,136,partial_64,1.0,partially_completely_burnt_2021_10_29.geojson
,,,,,,,,partially_burnt,137,partial_65,1.0,partially_completely_burnt_2021_10_29.geojson
,,,,,,,,partially_burnt,138,partial_66,1.0,partially_completely_burnt_2021_10_29.geojson
,,,,,,,,partially_burnt,139,partial_67,1.0,partially_completely_burnt_2021_10_29.geojson
,,,,,,,,partially_burnt,140,partial_68,1.0,partially_completely_burnt_2021_10_29.geojson
,,,,,,,,partially_burnt,141,partial_69,1.0,partially_completely_burnt_2021_10_29.geojson
,,,,,,,,partially_burnt,142,partial_70,1.0,partially_completely_burnt_2021_10_29.geojson
,,,,,,,,partially_burnt,143,partial_71,1.0,partially_completely_burnt_2021_10_29.geojson
,,,,,,,,partially_burnt,144,partial_72,1.0,partially_completely_burnt_2021_10_29.geojson
,,,,,,,,partially_burnt,145,partial_73,1.0,partially_completely_burnt_2021_10_29.geojson
,,,,,,,,partially_burnt,146,partial_74,1.0,partially_completely_burnt_2021_10_29.geojson
,,,,,,,,partially_burnt,147,partial_75,1.0,partially_completely_burnt_2021_10_29.geojson
,,,,,,,,partially_burnt,148,partial_76,1.0,partially_completely_burnt_2021_10_29.geojson
,,,,,,,,partially_burnt,149,partial_77,1.0,partially_completely_burnt_2021_10_29.geojson
,,,,,,,,partially_burnt,150,partial_78,1.0,partially_completely_burnt_2021_10_29.geojson
,,,,,,,,partially_burnt,151,partial_79,1.0,partially_completely_burnt_2021_10_29.geojson
,,,,,,,,partially_burnt,152,partial_80,1.0,partially_completely_burnt_2021_10_29.geojson
,,,,,,,,partially_burnt,153,partial_81,1.0,partially_completely_burnt_2021_10_29.geojson
,,,,,,,,partially_burnt,154,partial_82,1.0,partially_completely_burnt_2021_10_29.geojson
,,,,,,,,partially_burnt,155,partial_83,1.0,partially_completely_burnt_2021_10_29.geojson
,,,,,,,,partially_burnt,156,partial_84,1.0,partially_completely_burnt_2021_10_29.geojson
,,,,,,,,partially_burnt,157,partial_85,1.0,partially_completely_burnt_2021_10_29.geojson
,,,,,,,,partially_burnt,158,partial_86,1.0,partially_completely_burnt_2021_10_29.geojson
,,,,,,,,partially_burnt,159,partial_87,1.0,partially_completely_burnt_2021_10_29.geojson
,,,,,,,,partially_burnt,160,partial_88,1.0,partially_completely_burnt_2021_10_29.geojson
,,,,,,,,partially_burnt,161,partial_89,1.0,partially_completely_burnt_2021_10_29.geojson
,,,,,,,,partially_burnt,162,partial_90,1.0,partially_completely_burnt_2021_10_29.geojson
,,,,,,,,partially_burnt,163,partial_91,1.0,partially_completely_burnt_2021_10_29.geojson
,,,,,,,,partially_burnt,164,partial_92,1.0,partially_completely_burnt_2021_10_29.geojson
,,,,,,,,partially_burnt,165,partial_93,1.0,partially_completely_burnt_2021_10_29.geojson
,,,,,,,,partially_burnt,166,partial_94,1.0,partially_completely_burnt_2021_10_29.geojson
,,,,,,,,partially_burnt,167,partial_95,1.0,partially_completely_burnt_2021_10_29.geojson
,,,,,,,,partially_burnt,168,partial_96,1.0,partially_completely_burnt_2021_10_29.geojson
,,,,,,,,partially_burnt,169,partial_97,1.0,partially_completely_burnt_2021_10_29.geojson
,,,,,,,,partially_burnt,170,partial_98,1.0,partially_completely_burnt_2021_10_29.geojson
,,,,,,,,partially_burnt,171,partial_99,1.0,partially_completely_burnt_2021_10_29.geojson
,,,,,,,,partially_burnt,172,partial_100,1.0,partially_completely_burnt_2021_10_29.geojson
,,,,,,,,partially_burnt,173,partial_101,1.0,partially_completely_burnt_2021_10_29.geojson
,,,,,,,,partially_burnt,174,partial_102,1.0,partially_completely_burnt_2021_10_29.geojson
,,,,,,,,partially_burnt,175,partial_103,1.0,partially_completely_burnt_2021_10_29.geojson
,,,,,,,,partially_burnt,176,partial_104,1.0,partially_completely_burnt_2021_10_29.geojson
,,,,,,,,partially_burnt,177,partial_105,1.0,partially_completely_burnt_2021_10_29.geojson
,,,,,,,,partially_burnt,178,partial_106,1.0,partially_completely_burnt_2021_10_29.geojson
,,,,,,,,partially_burnt,179,partial_107,1.0,partially_completely_burnt_2021_10_29.geojson
,,,,,,,,partially_burnt,180,partial_108,1.0,partially_completely_burnt_2021_10_29.geojson
,,,,,,,,partially_burnt,181,partial_109,1.0,partially_completely_burnt_2021_10_29.geojson
,,,,,,,,partially_burnt,182,partial_110,1.0,partially_completely_burnt_2021_10_29.geojson
,,,,,,,,partially_burnt,183,partial_111,1.0,partially_completely_burnt_2021_10_29.geojson
,,,,,,,,partially_burnt,184,partial_112,1.0,partially_completely_burnt_2021_10_29.geojson
,,,,,,,,partially_burnt,185,partial_113,1.0,partially_completely_burnt_2021_10_29.geojson
,,,,,,,,partially_burnt,186,partial_114,1.0,partially_completely_burnt_2021_10_29.geojson
,,,,,,,,partially_burnt,187,partial_115,1.0,partially_completely_burnt_2021_10_29.geojson
,,,,,,,,partially_burnt,188,partial_116,1.0,partially_completely_burnt_2021_10_29.geojson
,,,,,,,,partially_burnt,189,partial_117,1.0,partially_completely_burnt_2021_10_29.geojson
,,,,,,,,partially_burnt,190,partial_118,1.0,partially_completely_burnt_2021_10_29.geojson
,,,,,,,,partially_burnt,191,partial_119,1.0,partially_completely_burnt_2021_10_29.geojson
,,,,,,,,partially_burnt,192,partial_120,1.0,partially_completely_burnt_2021_10_29.geojson
,,,,,,,,partially_burnt,193,partial_121,1.0,partially_completely_burnt_2021_10_29.geojson
,,,,,,,,partially_burnt,194,partial_122,1.0,partially_completely_burnt_2021_10_29.geojson
,,,,,,,,partially_burnt,195,partial_123,1.0,partially_completely_burnt_2021_10_29.geojson
,,,,,,,,partially_burnt,196,partial_124,1.0,partially_completely_burnt_2021_10_29.geojson
,,,,,,,,partially_burnt,197,partial_125,1.0,partially_completely_burnt_2021_10_29.geojson
,,,,,,,,partially_burnt,198,partial_126,1.0,partially_completely_burnt_2021_10_29.geojson
,,,,,,,,partially_burnt,199,partial_127,1.0,partially_completely_burnt_2021_10_29.geojson
,,,,,,,,partially_burnt,200,partial_128,1.0,partially_completely_burnt_2021_10_29.geojson
,,,,,,,,partially_burnt,201,partial_129,1.0,partially_completely_burnt_2021_10_29.geojson
,,,,,,,,partially_burnt,202,partial_130,1.0,partially_completely_burnt_2021_10_29.geojson
,,,,,,,,partially_burnt,203,partial_131,1.0,partially_completely_burnt_2021_10_29.geojson
,,,,,,,,partially_burnt,204,partial_132,1.0,partially_completely_burnt_2021_10_29.geojson
,,,,,,,,partially_burnt,205,partial_133,1.0,partially_completely_burnt_2021_10_29.geojson
,,,,,,,,partially_burnt,206,partial_134,1.0,partially_completely_burnt_2021_10_29.geojson
,,,,,,,,partially_burnt,207,partial_135,1.0,partially_completely_burnt_2021_10_29.geojson
,,,,,,,,partially_burnt,208,partial_136,1.0,partially_completely_burnt_2021_10_29.geojson
,,,,,,,,partially_burnt,209,partial_137,1.0,partially_completely_burnt_2021_10_29.geojson
,,,,,,,,partially_burnt,210,partial_138,1.0,partially_completely_burnt_2021_10_29.geojson
,,,,,,,,partially_burnt,211,partial_139,1.0,partially_completely_burnt_2021_10_29.geojson
,,,,,,,,partially_burnt,212,partial_140,1.0,partially_completely_burnt_2021_10_29.geojson
,,,,,,,,partially_burnt,213,partial_141,1.0,partially_completely_burnt_2021_10_29.geojson
,,,,,,,,partially_burnt,214,partial_142,1.0,partially_completely_burnt_2021_10_29.geojson
,,,,,,,,partially_burnt,215,partial_143,1.0,partially_completely_burnt_2021_10_29.geojson
,,,,,,,,partially_burnt,216,partial_144,1.0,partially_completely_burnt_2021_10_29.geojson
,,,,,,,,partially_burnt,217,partial_145,1.0,partially_completely_burnt_2021_10_29.geojson
,,,,,,,,partially_burnt,218,partial_146,1.0,partially_completely_burnt_2021_10_29.geojson
,,,,,,,,partially_burnt,219,partial_147,1.0,partially_completely_burnt_2021_10_29.geojson
,,,,,,,,partially_burnt,220,partial_148,1.0,partially_completely_burnt_2021_10_29.geojson
,,,,,,,,partially_burnt,221,partial_149,1.0,partially_completely_burnt_2021_10_29.geojson
,,,,,,,,partially_burnt,222,partial_150,1.0,partially_completely_burnt_2021_10_29.geojson
,,,,,,,,partially_burnt,223,partial_151,1.0,partially_completely_burnt_2021_10_29.geojson
,,,,,,,,partially_burnt,224,partial_152,1.0,partially_completely_burnt_2021_10_29.geojson
,,,,,,,,partially_burnt,225,partial_153,1.0,partially_completely_burnt_2021_10_29.geojson
,,,,,,,,partially_burnt,226,partial_154,1.0,partially_completely_burnt_2021_10_29.geojson
,,,,,,,,partially_burnt,227,partial_155,1.0,partially_completely_burnt_2021_10_29.geojson
,,,,,,,,partially_burnt,228,partial_156,1.0,partially_completely_burnt_2021_10_29.geojson
,,,,,,,,partially_burnt,229,partial_157,1.0,partially_completely_burnt_2021_10_29.geojson
,,,,,,,,partially_burnt,230,partial_158,1.0,partially_completely_burnt_2021_10_29.geojson
,,,,,,,,partially_burnt,231,partial_159,1.0,partially_completely_burnt_2021_10_29.geojson
,,,,,,,,partially_burnt,232,partial_160,1.0,partially_completely_burnt_2021_10_29.geojson
,,,,,,,,partially_burnt,233,partial_161,1.0,partially_completely_burnt_2021_10_29.geojson
,,,,,,,,partially_burnt,234,partial_162,1.0,partially_completely_burnt_2021_10_29.geojson
,,,,,,,,partially_burnt,235,partial_163,1.0,partially_completely_burnt_2021_10_29.geojson
,,,,,,,,partially_burnt,236,partial_164,1.0,partially_completely_burnt_2021_10_29.geojson
,,,,,,,,partially_burnt,237,partial_165,1.0,partially_completely_burnt_2021_10_29.geojson
,,,,,,,,partially_burnt,238,partial_166,1.0,partially_completely_burnt_2021_10_29.geojson
,,,,,,,,partially_burnt,239,partial_167,1.0,partially_completely_burnt_2021_10_29.geojson
,,,,,,,,partially_burnt,240,partial_168,1.0,partially_completely_burnt_2021_10_29.geojson
,,,,,,,,partially_burnt,241,partial_169,1.0,partially_completely_burnt_2021_10_29.geojson
,,,,,,,,partially_burnt,242,partial_170,1.0,partially_completely_burnt_2021_10_29.geojson
,,,,,,,,partially_burnt,243,partial_171,1.0,partially_completely_burnt_2021_10_29.geojson
,,,,,,,,partially_burnt,244,partial_172,1.0,partially_completely_burnt_2021_10_29.geojson
,,,,,,,,partially_burnt,245,partial_173,1.0,partially_completely_burnt_2021_10_29.geojson
,,,,,,,,partially_burnt,246,partial_174,1.0,partially_completely_burnt_2021_10_29.geojson
,,,,,,,,partially_burnt,247,partial_175,1.0,partially_completely_burnt_2021_10_29.geojson
,,,,,,,,partially_burnt,248,partial_176,1.0,partially_completely_burnt_2021_10_29.geojson
,,,,,,,,partially_burnt,249,partial_177,1.0,partially_completely_burnt_2021_10_29.geojson
,,,,,,,,partially_burnt,250,partial_178,1.0,partially_completely_burnt_2021_10_29.geojson
,,,,,,,,partially_burnt,251,partial_179,1.0,partially_completely_burnt_2021_10_29.geojson
,,,,,,,,partially_burnt,252,partial_180,1.0,partially_completely_burnt_2021_10_29.geojson
,,,,,,,,partially_burnt,253,partial_181,1.0,partially_completely_burnt_2021_10_29.geojson
,,,,,,,,partially_burnt,254,partial_182,1.0,partially_completely_burnt_2021_10_29.geojson
,,,,,,,,partially_burnt,255,partial_183,1.0,partially_completely_burnt_2021_10_29.geojson
,,,,,,,,partially_burnt,256,partial_184,1.0,partially_completely_burnt_2021_10_29.geojson
,,,,,,,,partially_burnt,257,partial_185,1.0,partially_completely_burnt_2021_10_29.geojson
,,,,,,,,partially_burnt,258,partial_186,1.0,partially_completely_burnt_2021_10_29.geojson
,,,,,,,,partially_burnt,259,partial_187,1.0,partially_completely_burnt_2021_10_29.geojson
,,,,,,,,partially_burnt,260,partial_188,1.0,partially_completely_burnt_2021_10_29.geojson
,,,,,,,,partially_burnt,261,partial_189,1.0,partially_completely_burnt_2021_10_29.geojson
,,,,,,,,partially_burnt,262,partial_190,1.0,partially_completely_burnt_2021_10_29.geojson
,,,,,,,,unburnt,263,unburnt_1,0.0,partially_completely_burnt_2021_10_29.geojson
,,,,,,,,unburnt,264,unburnt_2,0.0,partially_completely_burnt_2021_10_29.geojson
,,,,,,,,unburnt,265,unburnt_3,0.0,partially_completely_burnt_2021_10_29.geojson
,,,,,,,,unburnt,266,unburnt_4,0.0,partially_completely_burnt_2021_10_29.geojson
,,,,,,,,unburnt,267,unburnt_5,0.0,partially_completely_burnt_2021_10_29.geojson
,,,,,,,,unburnt,268,unburnt_6,0.0,partially_completely_burnt_2021_10_29.geojson
,,,,,,,,unburnt,269,unburnt_7,0.0,partially_completely_burnt_2021_10_29.geojson
,,,,,,,,unburnt,270,unburnt_8,0.0,partially_completely_burnt_2021_10_29.geojson
,,,,,,,,unburnt,271,unburnt_9,0.0,partially_completely_burnt_2021_10_29.geojson
,,,,,,,,unburnt,272,unburnt_10,0.0,partially_completely_burnt_2021_10_29.geojson
,,,,,,,,unburnt,273,unburnt_11,0.0,partially_completely_burnt_2021_10_29.geojson
,,,,,,,,unburnt,274,unburnt_12,0.0,partially_completely_burnt_2021_10_29.geojson
,,,,,,,,unburnt,275,unburnt_13,0.0,partially_completely_burnt_2021_10_29.geojson
,,,,,,,,unburnt,276,unburnt_14,0.0,partially_completely_burnt_2021_10_29.geojson
,,,,,,,,unburnt,277,unburnt_15,0.0,partially_completely_burnt_2021_10_29.geojson
,,,,,,,,unburnt,278,unburnt_16,0.0,partially_completely_burnt_2021_10_29.geojson
,,,,,,,,unburnt,279,unburnt_17,0.0,partially_completely_burnt_2021_10_29.geojson
,,,,,,,,unburnt,280,unburnt_18,0.0,partially_completely_burnt_2021_10_29.geojson
,,,,,,,,unburnt,281,unburnt_19,0.0,partially_completely_burnt_2021_10_29.geojson
,,,,,,,,unburnt,282,unburnt_20,0.0,partially_completely_burnt_2021_10_29.geojson
,,,,,,,,unburnt,283,unburnt_21,0.0,partially_completely_burnt_2021_10_29.geojson
,,,,,,,,unburnt,284,unburnt_22,0.0,partially_completely_burnt_2021_10_29.geojson
,,,,,,,,unburnt,285,unburnt_23,0.0,partially_completely_burnt_2021_10_29.geojson
,,,,,,,,unburnt,286,unburnt_24,0.0,partially_completely_burnt_2021_10_29.geojson
,,,,,,,,unburnt,287,unburnt_25,0.0,partially_completely_burnt_2021_10_29.geojson
,,,,,,,,unburnt,288,unburnt_26,0.0,partially_completely_burnt_2021_10_29.geojson
,,,,,,,,unburnt,289,unburnt_27,0.0,partially_completely_burnt_2021_10_29.geojson
,,,,,,,,unburnt,290,unburnt_28,0.0,partially_completely_burnt_2021_10_29.geojson
,,,,,,,,unburnt,291,unburnt_29,0.0,partially_completely_burnt_2021_10_29.geojson
,,,,,,,,unburnt,292,unburnt_30,0.0,partially_completely_burnt_2021_10_29.geojson
,,,,,,,,unburnt,293,unburnt_31,0.0,partially_completely_burnt_2021_10_29.geojson
,,,,,,,,unburnt,294,unburnt_32,0.0,partially_completely_burnt_2021_10_29.geojson
,,,,,,,,unburnt,295,unburnt_33,0.0,partially_completely_burnt_2021_10_29.geojson
,,,,,,,,unburnt,296,unburnt_34,0.0,partially_completely_burnt_2021_10_29.geojson
,,,,,,,,unburnt,297,unburnt_35,0.0,partially_completely_burnt_2021_10_29.geojson
,,,,,,,,unburnt,298,unburnt_36,0.0,partially_completely_burnt_2021_10_29.geojson
,,,,,,,,unburnt,299,unburnt_37,0.0,partially_completely_burnt_2021_10_29.geojson
,,,,,,,,unburnt,300,unburnt_38,0.0,partially_completely_burnt_2021_10_29.geojson
,,,,,,,,unburnt,301,unburnt_39,0.0,partially_completely_burnt_2021_10_29.geojson
,,,,,,,,unburnt,302,unburnt_40,0.0,partially_completely_burnt_2021_10_29.geojson
,,,,,,,,unburnt,303,unburnt_41,0.0,partially_completely_burnt_2021_10_29.geojson
,,,,,,,,unburnt,304,unburnt_42,0.0,partially_completely_burnt_2021_10_29.geojson
,,,,,,,,unburnt,305,unburnt_43,0.0,partially_completely_burnt_2021_10_29.geojson
,,,,,,,,unburnt,306,unburnt_44,0.0,partially_completely_burnt_2021_10_29.geojson
,,,,,,,,unburnt,307,unburnt_45,0.0,partially_completely_burnt_2021_10_29.geojson
,,,,,,,,unburnt,308,unburnt_46,0.0,partially_completely_burnt_2021_10_29.geojson
,,,,,,,,unburnt,309,unburnt_47,0.0,partially_completely_burnt_2021_10_29.geojson
,,,,,,,,unburnt,310,unburnt_48,0.0,partially_completely_burnt_2021_10_29.geojson
,,,,,,,,unburnt,311,unburnt_49,0.0,partially_completely_burnt_2021_10_29.geojson
,,,,,,,,unburnt,312,unburnt_50,0.0,partially_completely_burnt_2021_10_29.geojson
,,,,,,,,unburnt,313,unburnt_51,0.0,partially_completely_burnt_2021_10_29.geojson
,,,,,,,,unburnt,314,unburnt_52,0.0,partially_completely_burnt_2021_10_29.geojson
,,,,,,,,unburnt,315,unburnt_53,0.0,partially_completely_burnt_2021_10_29.geojson
,,,,,,,,unburnt,316,unburnt_54,0.0,partially_completely_burnt_2021_10_29.geojson
,,,,,,,,unburnt,317,unburnt_55,0.0,partially_completely_burnt_2021_10_29.geojson
,,,,,,,,unburnt,318,unburnt_56,0.0,partially_completely_burnt_2021_10_29.geojson
,,,,,,,,unburnt,319,unburnt_57,0.0,partially_completely_burnt_2021_10_29.geojson
,,,,,,,,unburnt,320,unburnt_58,0.0,partially_completely_burnt_2021_10_29.geojson
,,,,,,,,unburnt,321,unburnt_59,0.0,partially_completely_burnt_2021_10_29.geojson
,,,,,,,,unburnt,322,unburnt_60,0.0,partially_completely_burnt_2021_10_29.geojson
,,,,,,,,unburnt,323,unburnt_61,0.0,partially_completely_burnt_2021_10_29.geojson
,,,,,,,,unburnt,324,unburnt_62,0.0,partially_completely_burnt_2021_10_29.geojson
,,,,,,,,unburnt,325,unburnt_63,0.0,partially_completely_burnt_2021_10_29.geojson
,,,,,,,,unburnt,326,unburnt_64,0.0,partially_completely_burnt_2021_10_29.geojson
,,,,,,,,unburnt,327,unburnt_65,0.0,partially_completely_burnt_2021_10_29.geojson
,,,,,,,,unburnt,328,unburnt_66,0.0,partially_completely_burnt_2021_10_29.geojson
,,,,,,,,unburnt,329,unburnt_67,0.0,partially_completely_burnt_2021_10_29.geojson
,,,,,,,,unburnt,330,unburnt_68,0.0,partially_completely_burnt_2021_10_29.geojson
,,,,,,,,unburnt,331,unburnt_69,0.0,partially_completely_burnt_2021_10_29.geojson
,,,,,,,,unburnt,332,unburnt_70,0.0,partially_completely_burnt_2021_10_29.geojson
,,,,,,,,unburnt,333,unburnt_71,0.0,partially_completely_burnt_2021_10_29.geojson
,,,,,,,,unburnt,334,unburnt_72,0.0,partially_completely_burnt_2021_10_29.geojson
,,,,,,,,unburnt,335,unburnt_73,0.0,partially_completely_burnt_2021_10_29.geojson
,,,,,,,,unburnt,336,unburnt_74,0.0,partially_completely_burnt_2021_10_29.geojson
,,,,,,,,unburnt,337,unburnt_75,0.0,partially_completely_burnt_2021_10_29.geojson
,,,,,,,,unburnt,338,unburnt_76,0.0,partially_completely_burnt_2021_10_29.geojson
,,,,,,,,unburnt,339,unburnt_77,0.0,partially_completely_burnt_2021_10_29.geojson
,,,,,,,,unburnt,340,unburnt_78,0.0,partially_completely_burnt_2021_10_29.geojson
,,,,,,,,unburnt,341,unburnt_79,0.0,partially_completely_burnt_2021_10_29.geojson
,,,,,,,,unburnt,342,unburnt_80,0.0,partially_completely_burnt_2021_10_29.geojson
,,,,,,,,unburnt,343,unburnt_81,0.0,partially_completely_burnt_2021_10_29.geojson
,,,,,,,,unburnt,344,unburnt_82,0.0,partially_completely_burnt_2021_10_29.geojson
,,,,,,,,unburnt,345,unburnt_83,0.0,partially_completely_burnt_2021_10_29.geojson
,,,,,,,,unburnt,346,unburnt_84,0.0,partially_completely_burnt_2021_10_29.geojson
,,,,,,,,unburnt,347,unburnt_85,0.0,partially_completely_burnt_2021_10_29.geojson
,,,,,,,,unburnt,348,unburnt_86,0.0,partially_completely_burnt_2021_10_29.geojson
,,,,,,,,unburnt,349,unburnt_87,0.0,partially_completely_burnt_2021_10_29.geojson
,,,,,,,,unburnt,350,unburnt_88,0.0,partially_completely_burnt_2021_10_29.geojson
,,,,,,,,unburnt,351,unburnt_89,0.0,partially_completely_burnt_2021_10_29.geojson
,,,,,,,,unburnt,352,unburnt_90,0.0,partially_completely_burnt_2021_10_29.geojson
,,,,,,,,unburnt,353,unburnt_91,0.0,partially_completely_burnt_2021_10_29.geojson
,,,,,,,,unburnt,354,unburnt_92,0.0,partially_completely_burnt_2021_10_29.geojson
,,,,,,,,unburnt,355,unburnt_93,0.0,partially_completely_burnt_2021_10_29.geojson
,,,,,,,,unburnt,356,unburnt_94,0.0,partially_completely_burnt_2021_10_29.geojson
,,,,,,,,unburnt,357,unburnt_95,0.0,partially_completely_burnt_2021_10_29.geojson
